exer;ident;ndept;lbudg;insee;cbudg;ctype;cstyp;nomen;siren;cregi;cacti;secteur;finess;codbud1;categ;bal;compte;bedeb;becre;obnetdeb;obnetcre;onbdeb;onbcre;oobdeb;oobcre;sd;sc
2024;20006340200016;074;ANNECY;010;1;101;00;M57;200063402;084;40;;;;Commune;DEF;13913;419942.73;0.0;44523.3;0.0;0.0;0.0;44523.3;0.0;464466.03;0.0
2024;20006340200016;074;ANNECY;010;1;101;00;M57;200063402;084;40;;;;Commune;DEF;21352;22221.6;0.0;0.0;0.0;0.0;0.0;0.0;0.0;22221.6;0.0
2024;20006340200016;074;ANNECY;010;1;101;00;M57;200063402;084;40;;;;Commune;DEF;22318;11856.59;0.0;0.0;0.0;0.0;0.0;0.0;0.0;11856.59;0.0
2024;20006340200016;074;ANNECY;010;1;101;00;M57;200063402;084;40;;;;Commune;DEF;28041412;0.0;14609.0;0.0;2225.51;0.0;0.0;0.0;2225.51;0.0;16834.51
2024;20006340200016;074;ANNECY;010;1;101;00;M57;200063402;084;40;;;;Commune;DEF;40472;0.0;0.0;0.0;0.0;276691.04;276691.04;0.0;0.0;0.0;0.0
2024;20006340200016;074;ANNECY;010;1;101;00;M57;200063402;084;40;;;;Commune;DEF;414;1072940.51;0.0;0.0;0.0;6236959.37;6052848.57;0.0;0.0;1257051.31;0.0
2024;20006340200016;074;ANNECY;010;1;101;00;M57;200063402;084;40;;;;Commune;DEF;44362;1573097.06;0.0;0.0;0.0;0.0;1573097.06;0.0;0.0;0.0;0.0
2024;20006340200016;074;ANNECY;010;1;101;00;M57;200063402;084;40;;;;Commune;DEF;45411;98822.93;0.0;6606.25;0.0;0.0;0.0;0.0;0.0;105429.18;0.0
2024;20006340200016;074;ANNECY;010;1;101;00;M57;200063402;084;40;;;;Commune;DEF;47138;0.0;124640.29;0.0;0.0;62105396.19;62193513.27;0.0;0.0;0.0;212757.37
2024;20006340200016;074;ANNECY;010;1;101;00;M57;200063402;084;40;;;;Commune;DEF;4757;0.0;0.0;0.0;0.0;4328816.12;4328816.12;0.0;0.0;0.0;0.0
2024;20006340200016;074;ANNECY;010;1;101;00;M57;200063402;084;40;;;;Commune;DEF;6042;0.0;0.0;7090129.24;0.0;0.0;0.0;0.0;0.0;7090129.24;0.0
2024;20006340200016;074;ANNECY;010;1;101;00;M57;200063402;084;40;;;;Commune;DEF;60622;0.0;0.0;1656256.08;0.0;0.0;0.0;0.0;0.0;1656256.08;0.0
2024;20006340200016;074;ANNECY;010;1;101;00;M57;200063402;084;40;;;;Commune;DEF;6234;0.0;0.0;146666.4;0.0;0.0;0.0;0.0;0.0;146666.4;0.0
2024;20006340200016;074;ANNECY;010;1;101;00;M57;200063402;084;40;;;;Commune;DEF;6281;0.0;0.0;156888.52;0.0;0.0;0.0;0.0;0.0;156888.52;0.0
2024;20006340200016;074;ANNECY;010;1;101;00;M57;200063402;084;40;;;;Commune;DEF;6355;0.0;0.0;1328.86;0.0;0.0;0.0;0.0;0.0;1328.86;0.0
2024;20006340200016;074;ANNECY;010;1;101;00;M57;200063402;084;40;;;;Commune;DEF;64128;0.0;0.0;181531.83;0.0;0.0;0.0;0.0;0.0;181531.83;0.0
2024;20006340200016;074;ANNECY;010;1;101;00;M57;200063402;084;40;;;;Commune;DEF;64138;0.0;0.0;5398490.56;0.0;0.0;0.0;0.0;0.0;5398490.56;0.0
2024;20006340200016;074;ANNECY;010;1;101;00;M57;200063402;084;40;;;;Commune;DEF;6417;0.0;0.0;298057.45;0.0;0.0;0.0;0.0;0.0;298057.45;0.0
2024;20006340200016;074;ANNECY;010;1;101;00;M57;200063402;084;40;;;;Commune;DEF;7062;0.0;0.0;0.0;1664211.33;0.0;0.0;0.0;0.0;0.0;1664211.33
2024;20006340200016;074;ANNECY;010;1;101;00;M57;200063402;084;40;;;;Commune;DEF;73211;0.0;0.0;0.0;61804199.0;0.0;0.0;0.0;0.0;0.0;61804199.0
2024;20006340200016;074;ANNECY;010;1;101;00;M57;200063402;084;40;;;;Commune;DEF;215731;4380374.45;0.0;745133.78;0.0;0.0;0.0;540311.83;0.0;5125508.23;0.0
2024;20006340200016;074;ANNECY;010;1;101;00;M57;200063402;084;40;;;;Commune;DEF;2492;0.0;1206.41;0.0;0.0;0.0;0.0;0.0;0.0;0.0;1206.41
2024;20006340200016;074;ANNECY;010;1;101;00;M57;200063402;084;40;;;;Commune;DEF;28031;0.0;75896.0;0.0;91676.61;56132.8;0.0;0.0;91676.61;0.0;111439.81
2024;20006340200016;074;ANNECY;010;1;101;00;M57;200063402;084;40;;;;Commune;DEF;28088;0.0;358290.29;0.0;26653.0;79306.0;0.0;0.0;26653.0;0.0;305637.29
2024;20006340200016;074;ANNECY;010;1;101;00;M57;200063402;084;40;;;;Commune;DEF;281351;0.0;72518.02;0.0;7370.42;0.0;0.0;0.0;7370.42;0.0;79888.44
2024;20006340200016;074;ANNECY;010;1;101;00;M57;200063402;084;40;;;;Commune;DEF;44585;0.0;0.0;0.0;0.0;200.39;0.0;0.0;0.0;200.39;0.0
2024;20006340200016;074;ANNECY;010;1;101;00;M57;200063402;084;40;;;;Commune;DEF;47171;0.0;320032.58;0.0;0.0;1645950.61;1444201.73;0.0;0.0;0.0;118283.7
2024;20006340200016;074;ANNECY;010;1;101;00;M57;200063402;084;40;;;;Commune;DEF;5115;8021.72;0.0;0.0;0.0;411706.63;417429.83;0.0;0.0;2298.52;0.0
2024;20006340200016;074;ANNECY;010;1;101;00;M57;200063402;084;40;;;;Commune;DEF;615231;0.0;0.0;225237.97;0.0;0.0;0.0;0.0;0.0;225237.97;0.0
2024;20006340200016;074;ANNECY;010;1;101;00;M57;200063402;084;40;;;;Commune;DEF;6188;0.0;0.0;497674.26;0.0;0.0;0.0;0.0;0.0;497674.26;0.0
2024;20006340200016;074;ANNECY;010;1;101;00;M57;200063402;084;40;;;;Commune;DEF;6233;0.0;0.0;407258.89;0.0;0.0;0.0;0.0;0.0;407258.89;0.0
2024;20006340200016;074;ANNECY;010;1;101;00;M57;200063402;084;40;;;;Commune;DEF;6241;0.0;0.0;30525.53;0.0;0.0;0.0;0.0;0.0;30525.53;0.0
2024;20006340200016;074;ANNECY;010;1;101;00;M57;200063402;084;40;;;;Commune;DEF;6459;0.0;0.0;0.0;20289.77;0.0;0.0;0.0;0.0;0.0;20289.77
2024;20006340200016;074;ANNECY;010;1;101;00;M57;200063402;084;40;;;;Commune;DEF;65132;0.0;0.0;1000.0;0.0;0.0;0.0;0.0;0.0;1000.0;0.0
2024;20006340200016;074;ANNECY;010;1;101;00;M57;200063402;084;40;;;;Commune;DEF;673;0.0;0.0;246498.12;0.0;0.0;0.0;0.0;0.0;246498.12;0.0
2024;20006340200016;074;ANNECY;010;1;101;00;M57;200063402;084;40;;;;Commune;DEF;70383;0.0;0.0;0.0;4103623.2;0.0;0.0;0.0;0.0;0.0;4103623.2
2024;20006340200016;074;ANNECY;010;1;101;00;M57;200063402;084;40;;;;Commune;DEF;70878;0.0;0.0;0.0;712520.1;0.0;0.0;0.0;0.0;0.0;712520.1
2024;20006340200016;074;ANNECY;010;1;101;00;M57;200063402;084;40;;;;Commune;DEF;731732;0.0;0.0;0.0;2306107.0;0.0;0.0;0.0;0.0;0.0;2306107.0
2024;20006340200016;074;ANNECY;010;1;101;00;M57;200063402;084;40;;;;Commune;DEF;775;0.0;0.0;0.0;4494310.0;0.0;0.0;0.0;0.0;0.0;4494310.0
2024;20006340200016;074;ANNECY;010;1;101;00;M57;200063402;084;40;;;;Commune;DEF;13461;0.0;1017870.39;0.0;0.0;0.0;0.0;0.0;0.0;0.0;1017870.39
2024;20006340200016;074;ANNECY;010;1;101;00;M57;200063402;084;40;;;;Commune;DEF;1384;0.0;172405.52;0.0;0.0;0.0;0.0;0.0;0.0;0.0;172405.52
2024;20006340200016;074;ANNECY;010;1;101;00;M57;200063402;084;40;;;;Commune;DEF;2041581;1615663.41;0.0;0.0;0.0;0.0;27482.0;0.0;0.0;1588181.41;0.0
2024;20006340200016;074;ANNECY;010;1;101;00;M57;200063402;084;40;;;;Commune;DEF;21561;1396.37;0.0;0.0;0.0;0.0;0.0;0.0;0.0;1396.37;0.0
2024;20006340200016;074;ANNECY;010;1;101;00;M57;200063402;084;40;;;;Commune;DEF;2313;39238743.26;0.0;10024254.03;162028.2;0.0;10652516.59;1276696.27;161687.44;38448452.5;0.0
2024;20006340200016;074;ANNECY;010;1;101;00;M57;200063402;084;40;;;;Commune;DEF;27638;4800209.53;0.0;1321270.53;283675.0;0.0;0.0;0.0;0.0;5837805.06;0.0
2024;20006340200016;074;ANNECY;010;1;101;00;M57;200063402;084;40;;;;Commune;DEF;28041511;0.0;480104.0;0.0;39958.0;0.0;0.0;0.0;39958.0;0.0;520062.0
2024;20006340200016;074;ANNECY;010;1;101;00;M57;200063402;084;40;;;;Commune;DEF;281313;0.0;13360.0;0.0;1336.0;0.0;0.0;0.0;1336.0;0.0;14696.0
2024;20006340200016;074;ANNECY;010;1;101;00;M57;200063402;084;40;;;;Commune;DEF;281321;0.0;4204561.09;0.0;454529.36;0.0;0.0;0.0;454529.36;0.0;4659090.45
2024;20006340200016;074;ANNECY;010;1;101;00;M57;200063402;084;40;;;;Commune;DEF;281838;0.0;10174236.2;0.0;923270.98;0.0;0.0;0.0;923270.98;0.0;11097507.18
2024;20006340200016;074;ANNECY;010;1;101;00;M57;200063402;084;40;;;;Commune;DEF;4091;0.0;0.0;0.0;0.0;13500.0;0.0;0.0;0.0;13500.0;0.0
2024;20006340200016;074;ANNECY;010;1;101;00;M57;200063402;084;40;;;;Commune;DEF;431;0.0;0.0;0.0;0.0;28072791.47;28072791.47;0.0;0.0;0.0;0.0
2024;20006340200016;074;ANNECY;010;1;101;00;M57;200063402;084;40;;;;Commune;DEF;44351;0.0;1652896.0;0.0;0.0;3565868.65;1912972.65;0.0;0.0;0.0;0.0
2024;20006340200016;074;ANNECY;010;1;101;00;M57;200063402;084;40;;;;Commune;DEF;47211;9980.39;0.0;0.0;0.0;3538769.52;3548749.91;0.0;0.0;0.0;0.0
2024;20006340200016;074;ANNECY;010;1;101;00;M57;200063402;084;40;;;;Commune;DEF;60623;0.0;0.0;47478.98;0.0;0.0;0.0;0.0;0.0;47478.98;0.0
2024;20006340200016;074;ANNECY;010;1;101;00;M57;200063402;084;40;;;;Commune;DEF;627;0.0;0.0;58740.28;0.0;0.0;0.0;0.0;0.0;58740.28;0.0
2024;20006340200016;074;ANNECY;010;1;101;00;M57;200063402;084;40;;;;Commune;DEF;64118;0.0;0.0;16001335.66;0.0;0.0;0.0;0.0;0.0;16001335.66;0.0
2024;20006340200016;074;ANNECY;010;1;101;00;M57;200063402;084;40;;;;Commune;DEF;6414;0.0;0.0;123005.68;0.0;0.0;0.0;0.0;0.0;123005.68;0.0
2024;20006340200016;074;ANNECY;010;1;101;00;M57;200063402;084;40;;;;Commune;DEF;65314;0.0;0.0;263613.56;0.0;0.0;0.0;0.0;0.0;263613.56;0.0
2024;20006340200016;074;ANNECY;010;1;101;00;M57;200063402;084;40;;;;Commune;DEF;6583;0.0;0.0;7745.93;0.0;0.0;0.0;0.0;0.0;7745.93;0.0
2024;20006340200016;074;ANNECY;010;1;101;00;M57;200063402;084;40;;;;Commune;DEF;6817;0.0;0.0;486330.12;0.0;0.0;0.0;0.0;0.0;486330.12;0.0
2024;20006340200016;074;ANNECY;010;1;101;00;M57;200063402;084;40;;;;Commune;DEF;74611;0.0;0.0;0.0;714746.0;0.0;0.0;0.0;0.0;0.0;714746.0
2024;20006340200016;074;ANNECY;010;1;101;00;M57;200063402;084;40;;;;Commune;DEF;766;0.0;0.0;0.0;0.07;0.0;0.0;0.0;0.0;0.0;0.07
2024;20006340200016;074;ANNECY;010;1;101;00;M57;200063402;084;40;;;;Commune;DEF;1321;0.0;17342388.55;0.0;331776.5;0.0;0.0;0.0;0.0;0.0;17674165.05
2024;20006340200016;074;ANNECY;010;1;101;00;M57;200063402;084;40;;;;Commune;DEF;1326;0.0;4229850.08;0.0;0.0;0.0;0.0;0.0;0.0;0.0;4229850.08
2024;20006340200016;074;ANNECY;010;1;101;00;M57;200063402;084;40;;;;Commune;DEF;139141;27998.54;0.0;0.0;0.0;0.0;0.0;0.0;0.0;27998.54;0.0
2024;20006340200016;074;ANNECY;010;1;101;00;M57;200063402;084;40;;;;Commune;DEF;1675;0.0;5940325.15;386098.9;0.0;0.0;0.0;0.0;0.0;0.0;5554226.25
2024;20006340200016;074;ANNECY;010;1;101;00;M57;200063402;084;40;;;;Commune;DEF;28041411;0.0;1848.0;0.0;0.0;0.0;0.0;0.0;0.0;0.0;1848.0
2024;20006340200016;074;ANNECY;010;1;101;00;M57;200063402;084;40;;;;Commune;DEF;280421;0.0;369861.0;0.0;170581.0;206500.0;0.0;0.0;170581.0;0.0;333942.0
2024;20006340200016;074;ANNECY;010;1;101;00;M57;200063402;084;40;;;;Commune;DEF;44316;0.0;0.0;0.0;0.0;71921.42;55689.77;0.0;0.0;16231.65;0.0
2024;20006340200016;074;ANNECY;010;1;101;00;M57;200063402;084;40;;;;Commune;DEF;4687;120000.0;0.0;0.0;0.0;250800.92;120000.0;0.0;0.0;250800.92;0.0
2024;20006340200016;074;ANNECY;010;1;101;00;M57;200063402;084;40;;;;Commune;DEF;6282;0.0;0.0;463188.71;0.0;0.0;0.0;0.0;0.0;463188.71;0.0
2024;20006340200016;074;ANNECY;010;1;101;00;M57;200063402;084;40;;;;Commune;DEF;6331;0.0;0.0;845474.8;0.0;0.0;0.0;0.0;0.0;845474.8;0.0
2024;20006340200016;074;ANNECY;010;1;101;00;M57;200063402;084;40;;;;Commune;DEF;6336;0.0;0.0;701658.18;0.0;0.0;0.0;0.0;0.0;701658.18;0.0
2024;20006340200016;074;ANNECY;010;1;101;00;M57;200063402;084;40;;;;Commune;DEF;6419;0.0;0.0;0.0;718569.38;0.0;0.0;0.0;0.0;0.0;718569.38
2024;20006340200016;074;ANNECY;010;1;101;00;M57;200063402;084;40;;;;Commune;DEF;64731;0.0;0.0;177708.47;0.0;0.0;0.0;0.0;0.0;177708.47;0.0
2024;20006340200016;074;ANNECY;010;1;101;00;M57;200063402;084;40;;;;Commune;DEF;65312;0.0;0.0;10092.57;0.0;0.0;0.0;0.0;0.0;10092.57;0.0
2024;20006340200016;074;ANNECY;010;1;101;00;M57;200063402;084;40;;;;Commune;DEF;73123;0.0;0.0;0.0;9954681.0;0.0;0.0;0.0;0.0;0.0;9954681.0
2024;20006340200016;074;ANNECY;010;1;101;00;M57;200063402;084;40;;;;Commune;DEF;73174;0.0;0.0;0.0;1108124.69;0.0;0.0;0.0;0.0;0.0;1108124.69
2024;20006340200016;074;ANNECY;010;1;101;00;M57;200063402;084;40;;;;Commune;DEF;75813;0.0;0.0;0.0;1031414.19;0.0;0.0;0.0;0.0;0.0;1031414.19
2024;20006340200016;074;ANNECY;010;1;101;00;M57;200063402;084;40;;;;Commune;DEF;1021;0.0;188555604.76;0.0;0.0;0.0;1912398.64;0.0;0.0;0.0;190468003.4
2024;20006340200016;074;ANNECY;010;1;101;00;M57;200063402;084;40;;;;Commune;DEF;13251;0.0;6262619.58;0.0;67600.13;0.0;0.0;0.0;0.0;0.0;6330219.71
2024;20006340200016;074;ANNECY;010;1;101;00;M57;200063402;084;40;;;;Commune;DEF;13272;0.0;1852146.47;0.0;0.0;0.0;0.0;0.0;0.0;0.0;1852146.47
2024;20006340200016;074;ANNECY;010;1;101;00;M57;200063402;084;40;;;;Commune;DEF;1388;0.0;3510735.41;0.0;0.0;0.0;0.0;0.0;0.0;0.0;3510735.41
2024;20006340200016;074;ANNECY;010;1;101;00;M57;200063402;084;40;;;;Commune;DEF;20421;838950.2;0.0;185632.48;0.0;0.0;206500.0;0.0;0.0;818082.68;0.0
2024;20006340200016;074;ANNECY;010;1;101;00;M57;200063402;084;40;;;;Commune;DEF;2151;280154919.3;0.0;2097378.13;0.0;308567.12;0.0;154233.06;0.0;282560864.55;0.0
2024;20006340200016;074;ANNECY;010;1;101;00;M57;200063402;084;40;;;;Commune;DEF;28161;0.0;801.0;0.0;16962.0;0.0;0.0;0.0;16962.0;0.0;17763.0
2024;20006340200016;074;ANNECY;010;1;101;00;M57;200063402;084;40;;;;Commune;DEF;44352;1013572.19;0.0;0.0;0.0;18856057.85;18505707.22;0.0;0.0;1363922.82;0.0
2024;20006340200016;074;ANNECY;010;1;101;00;M57;200063402;084;40;;;;Commune;DEF;6161;0.0;0.0;573560.97;0.0;0.0;0.0;0.0;0.0;573560.97;0.0
2024;20006340200016;074;ANNECY;010;1;101;00;M57;200063402;084;40;;;;Commune;DEF;6338;0.0;0.0;211360.41;0.0;0.0;0.0;0.0;0.0;211360.41;0.0
2024;20006340200016;074;ANNECY;010;1;101;00;M57;200063402;084;40;;;;Commune;DEF;6358;0.0;0.0;36157.48;0.0;0.0;0.0;0.0;0.0;36157.48;0.0
2024;20006340200016;074;ANNECY;010;1;101;00;M57;200063402;084;40;;;;Commune;DEF;6455;0.0;0.0;795843.76;0.0;0.0;0.0;0.0;0.0;795843.76;0.0
2024;20006340200016;074;ANNECY;010;1;101;00;M57;200063402;084;40;;;;Commune;DEF;70873;0.0;0.0;0.0;217872.24;0.0;0.0;0.0;0.0;0.0;217872.24
2024;20006340200016;074;ANNECY;010;1;101;00;M57;200063402;084;40;;;;Commune;DEF;110;0.0;21556499.78;0.0;0.0;36886317.64;20017460.66;0.0;0.0;0.0;4687642.8
2024;20006340200016;074;ANNECY;010;1;101;00;M57;200063402;084;40;;;;Commune;DEF;13248;0.0;26294.48;0.0;0.0;0.0;0.0;0.0;0.0;0.0;26294.48
2024;20006340200016;074;ANNECY;010;1;101;00;M57;200063402;084;40;;;;Commune;DEF;16888;0.0;392515.3;0.0;0.0;392515.3;314237.36;0.0;0.0;0.0;314237.36
2024;20006340200016;074;ANNECY;010;1;101;00;M57;200063402;084;40;;;;Commune;DEF;204422;63144.66;0.0;59888.63;0.0;0.0;0.0;59888.63;0.0;123033.29;0.0
2024;20006340200016;074;ANNECY;010;1;101;00;M57;200063402;084;40;;;;Commune;DEF;2148;8360.66;0.0;0.0;0.0;0.0;0.0;0.0;0.0;8360.66;0.0
2024;20006340200016;074;ANNECY;010;1;101;00;M57;200063402;084;40;;;;Commune;DEF;261;468689.16;0.0;0.0;0.0;0.0;0.0;0.0;0.0;468689.16;0.0
2024;20006340200016;074;ANNECY;010;1;101;00;M57;200063402;084;40;;;;Commune;DEF;2815738;0.0;1397646.31;0.0;60126.64;1240.7;0.0;0.0;60126.64;0.0;1456532.25
2024;20006340200016;074;ANNECY;010;1;101;00;M57;200063402;084;40;;;;Commune;DEF;40471;0.0;439526.69;0.0;0.0;175307.23;362535.55;0.0;0.0;0.0;626755.01
2024;20006340200016;074;ANNECY;010;1;101;00;M57;200063402;084;40;;;;Commune;DEF;4181;1446424.18;0.0;0.0;0.0;139903.1;1446424.18;0.0;0.0;139903.1;0.0
2024;20006340200016;074;ANNECY;010;1;101;00;M57;200063402;084;40;;;;Commune;DEF;4416;3324001.79;0.0;0.0;0.0;0.0;629263.73;0.0;0.0;2694738.06;0.0
2024;20006340200016;074;ANNECY;010;1;101;00;M57;200063402;084;40;;;;Commune;DEF;4487;400843.13;0.0;0.0;0.0;334495.16;400843.13;0.0;0.0;334495.16;0.0
2024;20006340200016;074;ANNECY;010;1;101;00;M57;200063402;084;40;;;;Commune;DEF;451006;0.0;1638242.34;0.0;0.0;13578923.02;11950528.71;0.0;0.0;0.0;9848.03
2024;20006340200016;074;ANNECY;010;1;101;00;M57;200063402;084;40;;;;Commune;DEF;584;0.0;0.0;0.0;0.0;1892499.74;1892499.74;0.0;0.0;0.0;0.0
2024;20006340200016;074;ANNECY;010;1;101;00;M57;200063402;084;40;;;;Commune;DEF;60621;0.0;0.0;110464.09;0.0;0.0;0.0;0.0;0.0;110464.09;0.0
2024;20006340200016;074;ANNECY;010;1;101;00;M57;200063402;084;40;;;;Commune;DEF;60632;0.0;0.0;961758.81;0.0;0.0;0.0;0.0;0.0;961758.81;0.0
2024;20006340200016;074;ANNECY;010;1;101;00;M57;200063402;084;40;;;;Commune;DEF;6065;0.0;0.0;472434.44;0.0;0.0;0.0;0.0;0.0;472434.44;0.0
2024;20006340200016;074;ANNECY;010;1;101;00;M57;200063402;084;40;;;;Commune;DEF;62878;0.0;0.0;282005.54;0.0;0.0;0.0;0.0;0.0;282005.54;0.0
2024;20006340200016;074;ANNECY;010;1;101;00;M57;200063402;084;40;;;;Commune;DEF;64113;0.0;0.0;334002.71;0.0;0.0;0.0;0.0;0.0;334002.71;0.0
2024;20006340200016;074;ANNECY;010;1;101;00;M57;200063402;084;40;;;;Commune;DEF;7078;0.0;0.0;0.0;15.0;0.0;0.0;0.0;0.0;0.0;15.0
2024;20006340200016;074;ANNECY;010;1;101;00;M57;200063402;084;40;;;;Commune;DEF;7472;0.0;0.0;0.0;169962.33;0.0;0.0;0.0;0.0;0.0;169962.33
2024;20006340200016;074;ANNECY;010;1;101;00;M57;200063402;084;40;;;;Commune;DEF;74833;0.0;0.0;0.0;2428887.0;0.0;0.0;0.0;0.0;0.0;2428887.0
2024;20006340200016;074;ANNECY;010;1;101;00;M57;200063402;084;40;;;;Commune;DEF;7484;0.0;0.0;0.0;26273.0;0.0;0.0;0.0;0.0;0.0;26273.0
2024;20006340200016;074;ANNECY;010;1;101;00;M57;200063402;084;40;;;;Commune;DEF;1068;0.0;803243422.26;0.0;36886317.64;0.0;0.0;0.0;0.0;0.0;840129739.9
2024;20006340200016;074;ANNECY;010;1;101;00;M57;200063402;084;40;;;;Commune;DEF;16441;0.0;1.01;0.0;15000000.0;0.0;0.0;0.0;0.0;0.0;15000001.01
2024;20006340200016;074;ANNECY;010;1;101;00;M57;200063402;084;40;;;;Commune;DEF;204182;7368179.11;0.0;259900.25;0.0;0.0;642957.79;0.0;0.0;6985121.57;0.0
2024;20006340200016;074;ANNECY;010;1;101;00;M57;200063402;084;40;;;;Commune;DEF;2116;1314063.91;0.0;0.0;0.0;0.0;0.0;0.0;0.0;1314063.91;0.0
2024;20006340200016;074;ANNECY;010;1;101;00;M57;200063402;084;40;;;;Commune;DEF;21318;150907759.01;0.0;479650.45;3445602.44;1855485.64;837066.62;29412.0;3445602.44;148960226.04;0.0
2024;20006340200016;074;ANNECY;010;1;101;00;M57;200063402;084;40;;;;Commune;DEF;238;9570316.4;0.0;5077063.28;4876407.66;0.0;0.0;0.0;4876407.66;9770972.02;0.0
2024;20006340200016;074;ANNECY;010;1;101;00;M57;200063402;084;40;;;;Commune;DEF;248;14087653.1;0.0;0.0;0.0;0.0;0.0;0.0;0.0;14087653.1;0.0
2024;20006340200016;074;ANNECY;010;1;101;00;M57;200063402;084;40;;;;Commune;DEF;28041581;0.0;1316122.0;0.0;107708.0;27482.0;0.0;0.0;107708.0;0.0;1396348.0
2024;20006340200016;074;ANNECY;010;1;101;00;M57;200063402;084;40;;;;Commune;DEF;2805;0.0;9554463.31;0.0;957514.67;0.0;0.0;0.0;957514.67;0.0;10511977.98
2024;20006340200016;074;ANNECY;010;1;101;00;M57;200063402;084;40;;;;Commune;DEF;28138;0.0;57351.8;0.0;0.0;0.0;0.0;0.0;0.0;0.0;57351.8
2024;20006340200016;074;ANNECY;010;1;101;00;M57;200063402;084;40;;;;Commune;DEF;281831;0.0;1453201.27;0.0;150676.43;0.0;0.0;0.0;150676.43;0.0;1603877.7
2024;20006340200016;074;ANNECY;010;1;101;00;M57;200063402;084;40;;;;Commune;DEF;425;7211.73;0.0;0.0;0.0;60529.73;52395.73;0.0;0.0;15345.73;0.0
2024;20006340200016;074;ANNECY;010;1;101;00;M57;200063402;084;40;;;;Commune;DEF;44341;0.0;0.0;0.0;0.0;2115132.0;2517286.21;0.0;0.0;0.0;402154.21
2024;20006340200016;074;ANNECY;010;1;101;00;M57;200063402;084;40;;;;Commune;DEF;47143;0.0;281.24;0.0;0.0;103598.75;105515.16;0.0;0.0;0.0;2197.65
2024;20006340200016;074;ANNECY;010;1;101;00;M57;200063402;084;40;;;;Commune;DEF;5113;645.09;0.0;0.0;0.0;0.0;0.0;0.0;0.0;645.09;0.0
2024;20006340200016;074;ANNECY;010;1;101;00;M57;200063402;084;40;;;;Commune;DEF;6454;0.0;0.0;939276.43;0.0;0.0;0.0;0.0;0.0;939276.43;0.0
2024;20006340200016;074;ANNECY;010;1;101;00;M57;200063402;084;40;;;;Commune;DEF;6558;0.0;0.0;2704162.72;0.0;0.0;0.0;0.0;0.0;2704162.72;0.0
2024;20006340200016;074;ANNECY;010;1;101;00;M57;200063402;084;40;;;;Commune;DEF;65883;0.0;0.0;252.82;0.0;0.0;0.0;0.0;0.0;252.82;0.0
2024;20006340200016;074;ANNECY;010;1;101;00;M57;200063402;084;40;;;;Commune;DEF;703894;0.0;0.0;515.3;0.0;0.0;0.0;0.0;0.0;515.3;0.0
2024;20006340200016;074;ANNECY;010;1;101;00;M57;200063402;084;40;;;;Commune;DEF;70848;0.0;0.0;0.0;629782.1;0.0;0.0;0.0;0.0;0.0;629782.1
2024;20006340200016;074;ANNECY;010;1;101;00;M57;200063402;084;40;;;;Commune;DEF;7398;0.0;0.0;81570.0;0.0;0.0;0.0;0.0;0.0;81570.0;0.0
2024;20006340200016;074;ANNECY;010;1;101;00;M57;200063402;084;40;;;;Commune;DEF;74748;0.0;0.0;0.0;42125.34;0.0;0.0;0.0;0.0;0.0;42125.34
2024;20006340200016;074;ANNECY;010;1;101;00;M57;200063402;084;40;;;;Commune;DEF;1318;0.0;63244.59;0.0;84943.0;1191.55;0.0;0.0;0.0;0.0;146996.04
2024;20006340200016;074;ANNECY;010;1;101;00;M57;200063402;084;40;;;;Commune;DEF;13258;0.0;25536601.39;0.0;0.0;0.0;0.0;0.0;0.0;0.0;25536601.39
2024;20006340200016;074;ANNECY;010;1;101;00;M57;200063402;084;40;;;;Commune;DEF;2041411;1986.51;0.0;0.0;0.0;0.0;0.0;0.0;0.0;1986.51;0.0
2024;20006340200016;074;ANNECY;010;1;101;00;M57;200063402;084;40;;;;Commune;DEF;21328;236500.67;0.0;30042.27;0.0;0.0;0.0;0.0;0.0;266542.94;0.0
2024;20006340200016;074;ANNECY;010;1;101;00;M57;200063402;084;40;;;;Commune;DEF;21351;20772526.25;0.0;1335133.8;0.0;0.0;0.0;0.0;0.0;22107660.05;0.0
2024;20006340200016;074;ANNECY;010;1;101;00;M57;200063402;084;40;;;;Commune;DEF;21538;86041706.51;0.0;223492.13;0.0;0.0;0.0;25735.5;0.0;86265198.64;0.0
2024;20006340200016;074;ANNECY;010;1;101;00;M57;200063402;084;40;;;;Commune;DEF;4411;168823.02;0.0;0.0;0.0;188060.47;356883.49;0.0;0.0;0.0;0.0
2024;20006340200016;074;ANNECY;010;1;101;00;M57;200063402;084;40;;;;Commune;DEF;44562;120.08;0.0;0.0;0.0;771167.7;769941.39;0.0;0.0;1346.39;0.0
2024;20006340200016;074;ANNECY;010;1;101;00;M57;200063402;084;40;;;;Commune;DEF;4678;0.0;0.0;0.0;0.0;120.83;114.13;0.0;0.0;6.7;0.0
2024;20006340200016;074;ANNECY;010;1;101;00;M57;200063402;084;40;;;;Commune;DEF;4728;52867.76;0.0;0.0;0.0;12942599.11;12957329.56;0.0;0.0;38137.31;0.0
2024;20006340200016;074;ANNECY;010;1;101;00;M57;200063402;084;40;;;;Commune;DEF;4758;0.0;0.0;0.0;0.0;2133.32;2133.32;0.0;0.0;0.0;0.0
2024;20006340200016;074;ANNECY;010;1;101;00;M57;200063402;084;40;;;;Commune;DEF;51178;0.0;0.0;0.0;0.0;15344.94;15344.94;0.0;0.0;0.0;0.0
2024;20006340200016;074;ANNECY;010;1;101;00;M57;200063402;084;40;;;;Commune;DEF;580;0.0;0.0;0.0;0.0;29765550.46;29765550.46;0.0;0.0;0.0;0.0
2024;20006340200016;074;ANNECY;010;1;101;00;M57;200063402;084;40;;;;Commune;DEF;60633;0.0;0.0;163574.49;0.0;0.0;0.0;0.0;0.0;163574.49;0.0
2024;20006340200016;074;ANNECY;010;1;101;00;M57;200063402;084;40;;;;Commune;DEF;6218;0.0;0.0;67002.0;0.0;0.0;0.0;0.0;0.0;67002.0;0.0
2024;20006340200016;074;ANNECY;010;1;101;00;M57;200063402;084;40;;;;Commune;DEF;70321;0.0;0.0;0.0;545442.35;0.0;0.0;0.0;0.0;0.0;545442.35
2024;20006340200016;074;ANNECY;010;1;101;00;M57;200063402;084;40;;;;Commune;DEF;708721;0.0;0.0;0.0;2761356.63;0.0;0.0;0.0;0.0;0.0;2761356.63
2024;20006340200016;074;ANNECY;010;1;101;00;M57;200063402;084;40;;;;Commune;DEF;743;0.0;0.0;0.0;8424.0;0.0;0.0;0.0;0.0;0.0;8424.0
2024;20006340200016;074;ANNECY;010;1;101;00;M57;200063402;084;40;;;;Commune;DEF;1313;0.0;1007498.89;0.0;20810.0;0.0;0.0;0.0;0.0;0.0;1028308.89
2024;20006340200016;074;ANNECY;010;1;101;00;M57;200063402;084;40;;;;Commune;DEF;21313;54223852.38;0.0;521522.15;0.0;0.0;0.0;675.0;0.0;54745374.53;0.0
2024;20006340200016;074;ANNECY;010;1;101;00;M57;200063402;084;40;;;;Commune;DEF;2138;84548802.45;0.0;3655699.87;231282.27;105838.07;0.0;0.0;230798.86;88079058.12;0.0
2024;20006340200016;074;ANNECY;010;1;101;00;M57;200063402;084;40;;;;Commune;DEF;2152;25155667.71;0.0;896394.43;0.0;0.0;0.0;6073.26;0.0;26052062.14;0.0
2024;20006340200016;074;ANNECY;010;1;101;00;M57;200063402;084;40;;;;Commune;DEF;22313;14952.58;0.0;0.0;0.0;0.0;0.0;0.0;0.0;14952.58;0.0
2024;20006340200016;074;ANNECY;010;1;101;00;M57;200063402;084;40;;;;Commune;DEF;2804111;0.0;18.0;0.0;6.0;0.0;0.0;0.0;6.0;0.0;24.0
2024;20006340200016;074;ANNECY;010;1;101;00;M57;200063402;084;40;;;;Commune;DEF;2804132;0.0;300040.68;0.0;14866.0;121648.68;0.0;0.0;14866.0;0.0;193258.0
2024;20006340200016;074;ANNECY;010;1;101;00;M57;200063402;084;40;;;;Commune;DEF;28121;0.0;45293.59;0.0;6322.0;0.0;0.0;0.0;6322.0;0.0;51615.59
2024;20006340200016;074;ANNECY;010;1;101;00;M57;200063402;084;40;;;;Commune;DEF;28141;0.0;58541.0;0.0;0.0;0.0;0.0;0.0;0.0;0.0;58541.0
2024;20006340200016;074;ANNECY;010;1;101;00;M57;200063402;084;40;;;;Commune;DEF;281561;0.0;1396.37;0.0;0.0;0.0;0.0;0.0;0.0;0.0;1396.37
2024;20006340200016;074;ANNECY;010;1;101;00;M57;200063402;084;40;;;;Commune;DEF;28185;0.0;239344.4;0.0;197181.93;0.0;0.0;0.0;197181.93;0.0;436526.33
2024;20006340200016;074;ANNECY;010;1;101;00;M57;200063402;084;40;;;;Commune;DEF;421;0.0;3508.92;0.0;0.0;72509431.15;72649638.66;0.0;0.0;0.0;143716.43
2024;20006340200016;074;ANNECY;010;1;101;00;M57;200063402;084;40;;;;Commune;DEF;44322;0.0;0.0;0.0;0.0;5000.0;5000.0;0.0;0.0;0.0;0.0
2024;20006340200016;074;ANNECY;010;1;101;00;M57;200063402;084;40;;;;Commune;DEF;4452;0.0;0.0;0.0;0.0;39210.33;39210.33;0.0;0.0;0.0;0.0
2024;20006340200016;074;ANNECY;010;1;101;00;M57;200063402;084;40;;;;Commune;DEF;44566;934.85;0.0;0.0;0.0;120496.7;120618.79;0.0;0.0;812.76;0.0
2024;20006340200016;074;ANNECY;010;1;101;00;M57;200063402;084;40;;;;Commune;DEF;46711;0.0;342828.13;0.0;0.0;23890071.64;23620393.55;0.0;0.0;0.0;73150.04
2024;20006340200016;074;ANNECY;010;1;101;00;M57;200063402;084;40;;;;Commune;DEF;471411;0.0;5740.22;0.0;0.0;27720.11;22990.03;0.0;0.0;0.0;1010.14
2024;20006340200016;074;ANNECY;010;1;101;00;M57;200063402;084;40;;;;Commune;DEF;60624;0.0;0.0;58476.17;0.0;0.0;0.0;0.0;0.0;58476.17;0.0
2024;20006340200016;074;ANNECY;010;1;101;00;M57;200063402;084;40;;;;Commune;DEF;60668;0.0;0.0;7.55;0.0;0.0;0.0;0.0;0.0;7.55;0.0
2024;20006340200016;074;ANNECY;010;1;101;00;M57;200063402;084;40;;;;Commune;DEF;6238;0.0;0.0;359107.96;0.0;0.0;0.0;0.0;0.0;359107.96;0.0
2024;20006340200016;074;ANNECY;010;1;101;00;M57;200063402;084;40;;;;Commune;DEF;65886;0.0;0.0;10.0;0.0;0.0;0.0;0.0;0.0;10.0;0.0
2024;20006340200016;074;ANNECY;010;1;101;00;M57;200063402;084;40;;;;Commune;DEF;70876;0.0;0.0;0.0;2323043.51;0.0;0.0;0.0;0.0;0.0;2323043.51
2024;20006340200016;074;ANNECY;010;1;101;00;M57;200063402;084;40;;;;Commune;DEF;744;0.0;0.0;0.0;314838.94;0.0;0.0;0.0;0.0;0.0;314838.94
2024;20006340200016;074;ANNECY;010;1;101;00;M57;200063402;084;40;;;;Commune;DEF;74772;0.0;0.0;0.0;1055684.76;0.0;0.0;0.0;0.0;0.0;1055684.76
2024;20006340200016;074;ANNECY;010;1;101;00;M57;200063402;084;40;;;;Commune;DEF;752;0.0;0.0;0.0;6217336.33;0.0;0.0;0.0;0.0;0.0;6217336.33
2024;20006340200016;074;ANNECY;010;1;101;00;M57;200063402;084;40;;;;Commune;DEF;13911;581224.69;0.0;136213.9;0.0;0.0;7500.0;136213.9;0.0;709938.59;0.0
2024;20006340200016;074;ANNECY;010;1;101;00;M57;200063402;084;40;;;;Commune;DEF;2041481;44880.32;0.0;0.0;0.0;0.0;0.0;0.0;0.0;44880.32;0.0
2024;20006340200016;074;ANNECY;010;1;101;00;M57;200063402;084;40;;;;Commune;DEF;280422;0.0;4920389.91;0.0;754493.54;9674.0;0.0;0.0;754493.54;0.0;5665209.45
2024;20006340200016;074;ANNECY;010;1;101;00;M57;200063402;084;40;;;;Commune;DEF;28145;0.0;56812.0;0.0;0.0;0.0;0.0;0.0;0.0;0.0;56812.0
2024;20006340200016;074;ANNECY;010;1;101;00;M57;200063402;084;40;;;;Commune;DEF;411;4159539.49;0.0;0.0;0.0;18577755.78;19161411.89;0.0;0.0;3575883.38;0.0
2024;20006340200016;074;ANNECY;010;1;101;00;M57;200063402;084;40;;;;Commune;DEF;44551;0.0;3641.0;0.0;0.0;738841.0;781663.0;0.0;0.0;0.0;46463.0
2024;20006340200016;074;ANNECY;010;1;101;00;M57;200063402;084;40;;;;Commune;DEF;46726;187269.7;0.0;0.0;0.0;29440.15;39374.8;0.0;0.0;177335.05;0.0
2024;20006340200016;074;ANNECY;010;1;101;00;M57;200063402;084;40;;;;Commune;DEF;4712;0.0;96596.27;0.0;0.0;1125564.82;1047932.4;0.0;0.0;0.0;18963.85
2024;20006340200016;074;ANNECY;010;1;101;00;M57;200063402;084;40;;;;Commune;DEF;5412;6600.0;0.0;0.0;0.0;110.0;100.0;0.0;0.0;6610.0;0.0
2024;20006340200016;074;ANNECY;010;1;101;00;M57;200063402;084;40;;;;Commune;DEF;60628;0.0;0.0;79948.36;0.0;0.0;0.0;0.0;0.0;79948.36;0.0
2024;20006340200016;074;ANNECY;010;1;101;00;M57;200063402;084;40;;;;Commune;DEF;6251;0.0;0.0;124426.81;0.0;0.0;0.0;0.0;0.0;124426.81;0.0
2024;20006340200016;074;ANNECY;010;1;101;00;M57;200063402;084;40;;;;Commune;DEF;637;0.0;0.0;492141.1;0.0;0.0;0.0;0.0;0.0;492141.1;0.0
2024;20006340200016;074;ANNECY;010;1;101;00;M57;200063402;084;40;;;;Commune;DEF;64121;0.0;0.0;658693.67;0.0;0.0;0.0;0.0;0.0;658693.67;0.0
2024;20006340200016;074;ANNECY;010;1;101;00;M57;200063402;084;40;;;;Commune;DEF;642;0.0;0.0;420.0;0.0;0.0;0.0;0.0;0.0;420.0;0.0
2024;20006340200016;074;ANNECY;010;1;101;00;M57;200063402;084;40;;;;Commune;DEF;65741;0.0;0.0;9000.0;0.0;0.0;0.0;0.0;0.0;9000.0;0.0
2024;20006340200016;074;ANNECY;010;1;101;00;M57;200063402;084;40;;;;Commune;DEF;6862;0.0;0.0;762942.0;0.0;0.0;0.0;762942.0;0.0;762942.0;0.0
2024;20006340200016;074;ANNECY;010;1;101;00;M57;200063402;084;40;;;;Commune;DEF;706888;0.0;0.0;0.0;304538.8;0.0;0.0;0.0;0.0;0.0;304538.8
2024;20006340200016;074;ANNECY;010;1;101;00;M57;200063402;084;40;;;;Commune;DEF;13151;0.0;1870662.65;0.0;0.0;0.0;0.0;0.0;0.0;0.0;1870662.65
2024;20006340200016;074;ANNECY;010;1;101;00;M57;200063402;084;40;;;;Commune;DEF;1641;0.0;49230666.28;4989034.1;0.0;0.0;0.0;0.0;0.0;0.0;44241632.18
2024;20006340200016;074;ANNECY;010;1;101;00;M57;200063402;084;40;;;;Commune;DEF;181;18586227.34;0.0;0.0;0.0;0.0;0.0;0.0;0.0;18586227.34;0.0
2024;20006340200016;074;ANNECY;010;1;101;00;M57;200063402;084;40;;;;Commune;DEF;2033;1405.21;0.0;0.0;0.0;0.0;0.0;0.0;0.0;1405.21;0.0
2024;20006340200016;074;ANNECY;010;1;101;00;M57;200063402;084;40;;;;Commune;DEF;204111;33.69;0.0;0.0;0.0;0.0;0.0;0.0;0.0;33.69;0.0
2024;20006340200016;074;ANNECY;010;1;101;00;M57;200063402;084;40;;;;Commune;DEF;21312;121579629.48;0.0;975075.34;6474.06;5232684.06;0.0;18921.0;0.0;127780914.82;0.0
2024;20006340200016;074;ANNECY;010;1;101;00;M57;200063402;084;40;;;;Commune;DEF;2158;21550155.9;0.0;2851946.15;0.0;0.0;54562.8;0.0;0.0;24347539.25;0.0
2024;20006340200016;074;ANNECY;010;1;101;00;M57;200063402;084;40;;;;Commune;DEF;21621;3629712.5;0.0;41710.67;0.0;0.0;0.0;0.0;0.0;3671423.17;0.0
2024;20006340200016;074;ANNECY;010;1;101;00;M57;200063402;084;40;;;;Commune;DEF;21838;12461359.15;0.0;1115267.13;0.0;0.0;0.0;0.0;0.0;13576626.28;0.0
2024;20006340200016;074;ANNECY;010;1;101;00;M57;200063402;084;40;;;;Commune;DEF;21841;484320.8;0.0;86774.27;0.0;0.0;0.0;0.0;0.0;571095.07;0.0
2024;20006340200016;074;ANNECY;010;1;101;00;M57;200063402;084;40;;;;Commune;DEF;2804182;0.0;3189708.64;0.0;375055.75;642957.79;0.0;0.0;375055.75;0.0;2921806.6
2024;20006340200016;074;ANNECY;010;1;101;00;M57;200063402;084;40;;;;Commune;DEF;2804422;0.0;4209.0;0.0;13490.0;0.0;0.0;0.0;13490.0;0.0;17699.0
2024;20006340200016;074;ANNECY;010;1;101;00;M57;200063402;084;40;;;;Commune;DEF;60636;0.0;0.0;370137.6;0.0;0.0;0.0;0.0;0.0;370137.6;0.0
2024;20006340200016;074;ANNECY;010;1;101;00;M57;200063402;084;40;;;;Commune;DEF;62121;0.0;0.0;132571.58;0.0;0.0;0.0;0.0;0.0;132571.58;0.0
2024;20006340200016;074;ANNECY;010;1;101;00;M57;200063402;084;40;;;;Commune;DEF;6261;0.0;0.0;183797.55;0.0;0.0;0.0;0.0;0.0;183797.55;0.0
2024;20006340200016;074;ANNECY;010;1;101;00;M57;200063402;084;40;;;;Commune;DEF;7025;0.0;0.0;0.0;3170.0;0.0;0.0;0.0;0.0;0.0;3170.0
2024;20006340200016;074;ANNECY;010;1;101;00;M57;200063402;084;40;;;;Commune;DEF;7088;0.0;0.0;0.0;53575.07;0.0;0.0;0.0;0.0;0.0;53575.07
2024;20006340200016;074;ANNECY;010;1;101;00;M57;200063402;084;40;;;;Commune;DEF;7318;0.0;0.0;0.0;876372.87;0.0;0.0;0.0;0.0;0.0;876372.87
2024;20006340200016;074;ANNECY;010;1;101;00;M57;200063402;084;40;;;;Commune;DEF;761;0.0;0.0;0.0;675.98;0.0;0.0;0.0;0.0;0.0;675.98
2024;20006340200016;074;ANNECY;010;1;101;00;M57;200063402;084;40;;;;Commune;DEF;7815;0.0;0.0;0.0;108423.0;0.0;0.0;0.0;0.0;0.0;108423.0
2024;20006340200016;074;ANNECY;010;1;101;00;M57;200063402;084;40;;;;Commune;DEF;165;0.0;181645.58;9464.44;5634.27;0.0;0.0;0.0;0.0;0.0;177815.41
2024;20006340200016;074;ANNECY;010;1;101;00;M57;200063402;084;40;;;;Commune;DEF;2113;25386943.93;0.0;0.0;0.0;0.0;0.0;0.0;0.0;25386943.93;0.0
2024;20006340200016;074;ANNECY;010;1;101;00;M57;200063402;084;40;;;;Commune;DEF;21314;109208808.68;0.0;1387318.43;0.0;290216.8;0.0;134810.5;0.0;110886343.91;0.0
2024;20006340200016;074;ANNECY;010;1;101;00;M57;200063402;084;40;;;;Commune;DEF;215738;1584878.33;0.0;37638.33;0.0;0.0;1240.7;0.0;0.0;1621275.96;0.0
2024;20006340200016;074;ANNECY;010;1;101;00;M57;200063402;084;40;;;;Commune;DEF;243;7770644.48;0.0;0.0;0.0;0.0;0.0;0.0;0.0;7770644.48;0.0
2024;20006340200016;074;ANNECY;010;1;101;00;M57;200063402;084;40;;;;Commune;DEF;40473;0.0;6890.76;0.0;0.0;0.0;0.0;0.0;0.0;0.0;6890.76
2024;20006340200016;074;ANNECY;010;1;101;00;M57;200063402;084;40;;;;Commune;DEF;4421;0.0;0.0;0.0;0.0;2547956.22;2547955.9;0.0;0.0;0.32;0.0
2024;20006340200016;074;ANNECY;010;1;101;00;M57;200063402;084;40;;;;Commune;DEF;44312;641421.38;0.0;0.0;0.0;16987587.46;16680039.61;0.0;0.0;948969.23;0.0
2024;20006340200016;074;ANNECY;010;1;101;00;M57;200063402;084;40;;;;Commune;DEF;44386;633.35;0.0;0.0;0.0;466.48;1099.83;0.0;0.0;0.0;0.0
2024;20006340200016;074;ANNECY;010;1;101;00;M57;200063402;084;40;;;;Commune;DEF;4633;0.0;53.32;0.0;0.0;0.0;0.0;0.0;0.0;0.0;53.32
2024;20006340200016;074;ANNECY;010;1;101;00;M57;200063402;084;40;;;;Commune;DEF;4711;0.0;109.84;0.0;0.0;15688950.89;15996335.26;0.0;0.0;0.0;307494.21
2024;20006340200016;074;ANNECY;010;1;101;00;M57;200063402;084;40;;;;Commune;DEF;6184;0.0;0.0;575951.8;0.0;0.0;0.0;0.0;0.0;575951.8;0.0
2024;20006340200016;074;ANNECY;010;1;101;00;M57;200063402;084;40;;;;Commune;DEF;65811;0.0;0.0;73459.91;0.0;0.0;0.0;0.0;0.0;73459.91;0.0
2024;20006340200016;074;ANNECY;010;1;101;00;M57;200063402;084;40;;;;Commune;DEF;70632;0.0;0.0;0.0;517494.4;0.0;0.0;0.0;0.0;0.0;517494.4
2024;20006340200016;074;ANNECY;010;1;101;00;M57;200063402;084;40;;;;Commune;DEF;74718;0.0;0.0;0.0;846939.18;0.0;0.0;0.0;0.0;0.0;846939.18
2024;20006340200016;074;ANNECY;010;1;101;00;M57;200063402;084;40;;;;Commune;DEF;773;0.0;0.0;0.0;42796.19;0.0;0.0;0.0;0.0;0.0;42796.19
2024;20006340200016;074;ANNECY;010;1;101;00;M57;200063402;084;40;;;;Commune;DEF;13241;0.0;1665086.21;0.0;0.0;0.0;0.0;0.0;0.0;0.0;1665086.21
2024;20006340200016;074;ANNECY;010;1;101;00;M57;200063402;084;40;;;;Commune;DEF;20422;14365701.16;0.0;410004.6;0.0;0.0;9674.0;0.0;0.0;14766031.76;0.0
2024;20006340200016;074;ANNECY;010;1;101;00;M57;200063402;084;40;;;;Commune;DEF;2112;97749517.03;0.0;415123.7;62378.89;52392.0;0.0;16040.0;62297.53;98154653.84;0.0
2024;20006340200016;074;ANNECY;010;1;101;00;M57;200063402;084;40;;;;Commune;DEF;21612;141365.16;0.0;225579.04;0.0;0.0;0.0;0.0;0.0;366944.2;0.0
2024;20006340200016;074;ANNECY;010;1;101;00;M57;200063402;084;40;;;;Commune;DEF;2804112;0.0;33436.0;0.0;10448.0;0.0;0.0;0.0;10448.0;0.0;43884.0
2024;20006340200016;074;ANNECY;010;1;101;00;M57;200063402;084;40;;;;Commune;DEF;28181;0.0;1108925.59;0.0;17001.0;0.0;0.0;0.0;17001.0;0.0;1125926.59
2024;20006340200016;074;ANNECY;010;1;101;00;M57;200063402;084;40;;;;Commune;DEF;281848;0.0;7329759.21;0.0;592864.85;0.0;0.0;0.0;592864.85;0.0;7922624.06
2024;20006340200016;074;ANNECY;010;1;101;00;M57;200063402;084;40;;;;Commune;DEF;4632;0.0;178.35;0.0;0.0;0.0;0.0;0.0;0.0;0.0;178.35
2024;20006340200016;074;ANNECY;010;1;101;00;M57;200063402;084;40;;;;Commune;DEF;4648;0.0;0.0;0.0;0.0;8440.5;8440.5;0.0;0.0;0.0;0.0
2024;20006340200016;074;ANNECY;010;1;101;00;M57;200063402;084;40;;;;Commune;DEF;47131;0.0;0.0;0.0;0.0;92038607.0;92038607.0;0.0;0.0;0.0;0.0
2024;20006340200016;074;ANNECY;010;1;101;00;M57;200063402;084;40;;;;Commune;DEF;515;18668470.2;0.0;0.0;0.0;302553754.55;288683901.65;0.0;0.0;32538323.1;0.0
2024;20006340200016;074;ANNECY;010;1;101;00;M57;200063402;084;40;;;;Commune;DEF;61524;0.0;0.0;44620.44;0.0;0.0;0.0;0.0;0.0;44620.44;0.0
2024;20006340200016;074;ANNECY;010;1;101;00;M57;200063402;084;40;;;;Commune;DEF;617;0.0;0.0;289400.81;0.0;0.0;0.0;0.0;0.0;289400.81;0.0
2024;20006340200016;074;ANNECY;010;1;101;00;M57;200063402;084;40;;;;Commune;DEF;6288;0.0;0.0;872128.14;0.0;0.0;0.0;0.0;0.0;872128.14;0.0
2024;20006340200016;074;ANNECY;010;1;101;00;M57;200063402;084;40;;;;Commune;DEF;6457;0.0;0.0;9641.92;0.0;0.0;0.0;0.0;0.0;9641.92;0.0
2024;20006340200016;074;ANNECY;010;1;101;00;M57;200063402;084;40;;;;Commune;DEF;65818;0.0;0.0;1512474.6;0.0;0.0;0.0;0.0;0.0;1512474.6;0.0
2024;20006340200016;074;ANNECY;010;1;101;00;M57;200063402;084;40;;;;Commune;DEF;6815;0.0;0.0;415800.0;0.0;0.0;0.0;0.0;0.0;415800.0;0.0
2024;20006340200016;074;ANNECY;010;1;101;00;M57;200063402;084;40;;;;Commune;DEF;70843;0.0;0.0;0.0;1157945.77;0.0;0.0;0.0;0.0;0.0;1157945.77
2024;20006340200016;074;ANNECY;010;1;101;00;M57;200063402;084;40;;;;Commune;DEF;7323;0.0;0.0;0.0;87099.93;0.0;0.0;0.0;0.0;0.0;87099.93
2024;20006340200016;074;ANNECY;010;1;101;00;M57;200063402;084;40;;;;Commune;DEF;777;0.0;0.0;0.0;504777.84;0.0;0.0;0.0;504777.84;0.0;504777.84
2024;20006340200016;074;ANNECY;010;1;101;00;M57;200063402;084;40;;;;Commune;DEF;2041511;599401.0;0.0;0.0;0.0;0.0;0.0;0.0;0.0;599401.0;0.0
2024;20006340200016;074;ANNECY;010;1;101;00;M57;200063402;084;40;;;;Commune;DEF;2145;84683.18;0.0;0.0;0.0;0.0;0.0;0.0;0.0;84683.18;0.0
2024;20006340200016;074;ANNECY;010;1;101;00;M57;200063402;084;40;;;;Commune;DEF;2188;24234861.16;0.0;970233.41;0.0;0.0;150046.56;0.0;0.0;25055048.01;0.0
2024;20006340200016;074;ANNECY;010;1;101;00;M57;200063402;084;40;;;;Commune;DEF;281328;0.0;4896.0;0.0;27812.58;0.0;0.0;0.0;27812.58;0.0;32708.58
2024;20006340200016;074;ANNECY;010;1;101;00;M57;200063402;084;40;;;;Commune;DEF;451005;680820.0;0.0;0.0;0.0;1172859.98;1932530.06;0.0;0.0;0.0;78850.08
2024;20006340200016;074;ANNECY;010;1;101;00;M57;200063402;084;40;;;;Commune;DEF;45412;0.0;35860.0;0.0;0.0;0.0;0.0;0.0;0.0;0.0;35860.0
2024;20006340200016;074;ANNECY;010;1;101;00;M57;200063402;084;40;;;;Commune;DEF;46752;22337.1;0.0;0.0;0.0;2730.12;3410.12;0.0;0.0;21657.1;0.0
2024;20006340200016;074;ANNECY;010;1;101;00;M57;200063402;084;40;;;;Commune;DEF;47132;0.0;0.0;0.0;0.0;10877571.0;10877571.0;0.0;0.0;0.0;0.0
2024;20006340200016;074;ANNECY;010;1;101;00;M57;200063402;084;40;;;;Commune;DEF;4911;0.0;809194.18;0.0;0.0;137050.61;486330.12;0.0;0.0;0.0;1158473.69
2024;20006340200016;074;ANNECY;010;1;101;00;M57;200063402;084;40;;;;Commune;DEF;6168;0.0;0.0;530489.3;0.0;0.0;0.0;0.0;0.0;530489.3;0.0
2024;20006340200016;074;ANNECY;010;1;101;00;M57;200063402;084;40;;;;Commune;DEF;6456;0.0;0.0;140738.0;0.0;0.0;0.0;0.0;0.0;140738.0;0.0
2024;20006340200016;074;ANNECY;010;1;101;00;M57;200063402;084;40;;;;Commune;DEF;7022;0.0;0.0;0.0;170851.67;0.0;0.0;0.0;0.0;0.0;170851.67
2024;20006340200016;074;ANNECY;010;1;101;00;M57;200063402;084;40;;;;Commune;DEF;731771;0.0;0.0;0.0;528.77;0.0;0.0;0.0;0.0;0.0;528.77
2024;20006340200016;074;ANNECY;010;1;101;00;M57;200063402;084;40;;;;Commune;DEF;7584;0.0;0.0;0.0;1175.76;0.0;0.0;0.0;0.0;0.0;1175.76
2024;20006340200016;074;ANNECY;010;1;101;00;M57;200063402;084;40;;;;Commune;DEF;7817;0.0;0.0;0.0;137050.61;0.0;0.0;0.0;0.0;0.0;137050.61
2024;20006340200016;074;ANNECY;010;1;101;00;M57;200063402;084;40;;;;Commune;DEF;202;1285125.2;0.0;0.0;0.0;0.0;0.0;0.0;0.0;1285125.2;0.0
2024;20006340200016;074;ANNECY;010;1;101;00;M57;200063402;084;40;;;;Commune;DEF;20415341;39426.48;0.0;0.0;0.0;0.0;0.0;0.0;0.0;39426.48;0.0
2024;20006340200016;074;ANNECY;010;1;101;00;M57;200063402;084;40;;;;Commune;DEF;2121;1918049.72;0.0;122111.61;0.0;0.0;0.0;0.0;0.0;2040161.33;0.0
2024;20006340200016;074;ANNECY;010;1;101;00;M57;200063402;084;40;;;;Commune;DEF;2128;44339417.11;0.0;2958956.3;13431.08;186833.25;0.0;122080.17;13431.08;47471775.58;0.0
2024;20006340200016;074;ANNECY;010;1;101;00;M57;200063402;084;40;;;;Commune;DEF;275;751394.07;0.0;5585.12;691524.49;0.0;0.0;0.0;0.0;65454.7;0.0
2024;20006340200016;074;ANNECY;010;1;101;00;M57;200063402;084;40;;;;Commune;DEF;28152;0.0;947178.9;0.0;86140.0;0.0;0.0;0.0;86140.0;0.0;1033318.9
2024;20006340200016;074;ANNECY;010;1;101;00;M57;200063402;084;40;;;;Commune;DEF;44311;0.0;0.0;0.0;0.0;68262.67;68262.67;0.0;0.0;0.0;0.0
2024;20006340200016;074;ANNECY;010;1;101;00;M57;200063402;084;40;;;;Commune;DEF;46721;429852.37;0.0;0.0;0.0;5892525.96;4183956.25;0.0;0.0;2138422.08;0.0
2024;20006340200016;074;ANNECY;010;1;101;00;M57;200063402;084;40;;;;Commune;DEF;60611;0.0;0.0;1190285.18;0.0;0.0;0.0;0.0;0.0;1190285.18;0.0
2024;20006340200016;074;ANNECY;010;1;101;00;M57;200063402;084;40;;;;Commune;DEF;61358;0.0;0.0;434088.06;0.0;0.0;0.0;0.0;0.0;434088.06;0.0
2024;20006340200016;074;ANNECY;010;1;101;00;M57;200063402;084;40;;;;Commune;DEF;615232;0.0;0.0;385332.93;0.0;0.0;0.0;0.0;0.0;385332.93;0.0
2024;20006340200016;074;ANNECY;010;1;101;00;M57;200063402;084;40;;;;Commune;DEF;6475;0.0;0.0;95828.5;0.0;0.0;0.0;0.0;0.0;95828.5;0.0
2024;20006340200016;074;ANNECY;010;1;101;00;M57;200063402;084;40;;;;Commune;DEF;6541;0.0;0.0;59734.39;0.0;0.0;0.0;0.0;0.0;59734.39;0.0
2024;20006340200016;074;ANNECY;010;1;101;00;M57;200063402;084;40;;;;Commune;DEF;7485;0.0;0.0;0.0;272527.0;0.0;0.0;0.0;0.0;0.0;272527.0
2024;20006340200016;074;ANNECY;010;1;101;00;M57;200063402;084;40;;;;Commune;DEF;13912;298949.37;0.0;34247.12;0.0;0.0;0.0;34247.12;0.0;333196.49;0.0
2024;20006340200016;074;ANNECY;010;1;101;00;M57;200063402;084;40;;;;Commune;DEF;204132;344648.68;0.0;0.0;0.0;0.0;121648.68;0.0;0.0;223000.0;0.0
2024;20006340200016;074;ANNECY;010;1;101;00;M57;200063402;084;40;;;;Commune;DEF;2041512;4265538.62;0.0;503798.11;0.0;0.0;197401.45;0.0;0.0;4571935.28;0.0
2024;20006340200016;074;ANNECY;010;1;101;00;M57;200063402;084;40;;;;Commune;DEF;21828;22081953.62;0.0;3269401.12;32684.24;4521.0;796444.1;2998314.81;32684.24;24526747.4;0.0
2024;20006340200016;074;ANNECY;010;1;101;00;M57;200063402;084;40;;;;Commune;DEF;2418;3605302.24;0.0;0.0;0.0;0.0;0.0;0.0;0.0;3605302.24;0.0
2024;20006340200016;074;ANNECY;010;1;101;00;M57;200063402;084;40;;;;Commune;DEF;28151;0.0;3469.46;0.0;0.0;0.0;0.0;0.0;0.0;0.0;3469.46
2024;20006340200016;074;ANNECY;010;1;101;00;M57;200063402;084;40;;;;Commune;DEF;44382;1413051.88;0.0;0.0;0.0;1317895.71;2729301.33;0.0;0.0;1646.26;0.0
2024;20006340200016;074;ANNECY;010;1;101;00;M57;200063402;084;40;;;;Commune;DEF;44571;0.0;479631.28;0.0;0.0;886184.08;379309.49;0.0;0.0;27243.31;0.0
2024;20006340200016;074;ANNECY;010;1;101;00;M57;200063402;084;40;;;;Commune;DEF;4582;0.0;4232399.05;0.0;260764.27;43167.9;43167.9;0.0;0.0;0.0;4493163.32
2024;20006340200016;074;ANNECY;010;1;101;00;M57;200063402;084;40;;;;Commune;DEF;4718;0.0;120704.58;0.0;0.0;33625977.44;33549991.18;0.0;0.0;0.0;44718.32
2024;20006340200016;074;ANNECY;010;1;101;00;M57;200063402;084;40;;;;Commune;DEF;5872;0.0;0.0;0.0;0.0;137050.61;137050.61;0.0;0.0;0.0;0.0
2024;20006340200016;074;ANNECY;010;1;101;00;M57;200063402;084;40;;;;Commune;DEF;62268;0.0;0.0;459464.17;0.0;0.0;0.0;0.0;0.0;459464.17;0.0
2024;20006340200016;074;ANNECY;010;1;101;00;M57;200063402;084;40;;;;Commune;DEF;64132;0.0;0.0;770898.58;0.0;0.0;0.0;0.0;0.0;770898.58;0.0
2024;20006340200016;074;ANNECY;010;1;101;00;M57;200063402;084;40;;;;Commune;DEF;65748;0.0;0.0;13676947.8;0.0;0.0;0.0;0.0;0.0;13676947.8;0.0
2024;20006340200016;074;ANNECY;010;1;101;00;M57;200063402;084;40;;;;Commune;DEF;73154;0.0;0.0;0.0;777775.31;0.0;0.0;0.0;0.0;0.0;777775.31
2024;20006340200016;074;ANNECY;010;1;101;00;M57;200063402;084;40;;;;Commune;DEF;13462;0.0;1107204.0;0.0;210000.0;0.0;0.0;0.0;0.0;0.0;1317204.0
2024;20006340200016;074;ANNECY;010;1;101;00;M57;200063402;084;40;;;;Commune;DEF;271;195115.24;0.0;0.0;0.0;0.0;0.0;0.0;0.0;195115.24;0.0
2024;20006340200016;074;ANNECY;010;1;101;00;M57;200063402;084;40;;;;Commune;DEF;40172;0.0;0.0;0.0;0.0;3016.16;3016.16;0.0;0.0;0.0;0.0
2024;20006340200016;074;ANNECY;010;1;101;00;M57;200063402;084;40;;;;Commune;DEF;44331;0.0;0.0;0.0;0.0;18800.0;18800.0;0.0;0.0;0.0;0.0
2024;20006340200016;074;ANNECY;010;1;101;00;M57;200063402;084;40;;;;Commune;DEF;44381;0.0;936544.8;0.0;0.0;2909238.73;1972693.93;0.0;0.0;0.0;0.0
2024;20006340200016;074;ANNECY;010;1;101;00;M57;200063402;084;40;;;;Commune;DEF;44567;745458.16;0.0;0.0;0.0;11810948.0;11134170.0;0.0;0.0;1422236.16;0.0
2024;20006340200016;074;ANNECY;010;1;101;00;M57;200063402;084;40;;;;Commune;DEF;6064;0.0;0.0;147635.47;0.0;0.0;0.0;0.0;0.0;147635.47;0.0
2024;20006340200016;074;ANNECY;010;1;101;00;M57;200063402;084;40;;;;Commune;DEF;628721;0.0;0.0;382763.67;0.0;0.0;0.0;0.0;0.0;382763.67;0.0
2024;20006340200016;074;ANNECY;010;1;101;00;M57;200063402;084;40;;;;Commune;DEF;6332;0.0;0.0;352282.94;0.0;0.0;0.0;0.0;0.0;352282.94;0.0
2024;20006340200016;074;ANNECY;010;1;101;00;M57;200063402;084;40;;;;Commune;DEF;64136;0.0;0.0;206659.77;0.0;0.0;0.0;0.0;0.0;206659.77;0.0
2024;20006340200016;074;ANNECY;010;1;101;00;M57;200063402;084;40;;;;Commune;DEF;65888;0.0;0.0;1961194.97;0.0;0.0;0.0;0.0;0.0;1961194.97;0.0
2024;20006340200016;074;ANNECY;010;1;101;00;M57;200063402;084;40;;;;Commune;DEF;75883;0.0;0.0;0.0;901.92;0.0;0.0;0.0;0.0;0.0;901.92
2024;20006340200016;074;ANNECY;010;1;101;00;M57;200063402;084;40;;;;Commune;DEF;15111;0.0;1632533.0;0.0;0.0;108423.0;415800.0;0.0;0.0;0.0;1939910.0
2024;20006340200016;074;ANNECY;010;1;101;00;M57;200063402;084;40;;;;Commune;DEF;2111;36645523.86;0.0;230469.17;9999.75;0.0;0.0;105000.0;9999.75;36865993.28;0.0
2024;20006340200016;074;ANNECY;010;1;101;00;M57;200063402;084;40;;;;Commune;DEF;21311;55503073.94;0.0;621791.07;0.0;5023777.66;0.0;7200.0;0.0;61148642.67;0.0
2024;20006340200016;074;ANNECY;010;1;101;00;M57;200063402;084;40;;;;Commune;DEF;2141;83632.54;0.0;0.0;0.0;0.0;0.0;0.0;0.0;83632.54;0.0
2024;20006340200016;074;ANNECY;010;1;101;00;M57;200063402;084;40;;;;Commune;DEF;2186;1676.0;0.0;0.0;0.0;0.0;0.0;0.0;0.0;1676.0;0.0
2024;20006340200016;074;ANNECY;010;1;101;00;M57;200063402;084;40;;;;Commune;DEF;281318;0.0;1944118.41;0.0;28360.0;837066.62;0.0;0.0;28360.0;0.0;1135411.79
2024;20006340200016;074;ANNECY;010;1;101;00;M57;200063402;084;40;;;;Commune;DEF;2815731;0.0;1907266.47;0.0;531286.91;0.0;0.0;0.0;531286.91;0.0;2438553.38
2024;20006340200016;074;ANNECY;010;1;101;00;M57;200063402;084;40;;;;Commune;DEF;40171;0.0;37597.16;0.0;0.0;35664.62;21191.42;0.0;0.0;0.0;23123.96
2024;20006340200016;074;ANNECY;010;1;101;00;M57;200063402;084;40;;;;Commune;DEF;4621;1000.0;0.0;0.0;0.0;4494310.0;4492806.0;0.0;0.0;2504.0;0.0
2024;20006340200016;074;ANNECY;010;1;101;00;M57;200063402;084;40;;;;Commune;DEF;47218;1317178.55;0.0;0.0;0.0;3681648.2;4973405.28;0.0;0.0;25421.47;0.0
2024;20006340200016;074;ANNECY;010;1;101;00;M57;200063402;084;40;;;;Commune;DEF;4722;0.0;0.0;0.0;0.0;16231.37;16231.37;0.0;0.0;0.0;0.0
2024;20006340200016;074;ANNECY;010;1;101;00;M57;200063402;084;40;;;;Commune;DEF;4817;6103522.0;0.0;0.0;762942.0;0.0;0.0;0.0;762942.0;5340580.0;0.0
2024;20006340200016;074;ANNECY;010;1;101;00;M57;200063402;084;40;;;;Commune;DEF;6068;0.0;0.0;2706121.72;0.0;0.0;0.0;0.0;0.0;2706121.72;0.0
2024;20006340200016;074;ANNECY;010;1;101;00;M57;200063402;084;40;;;;Commune;DEF;73111;0.0;0.0;0.0;91614489.0;0.0;0.0;0.0;0.0;0.0;91614489.0
2024;20006340200016;074;ANNECY;010;1;101;00;M57;200063402;084;40;;;;Commune;DEF;76811;0.0;0.0;0.0;518217.19;0.0;0.0;0.0;0.0;0.0;518217.19
2024;20006340200016;074;ANNECY;010;1;101;00;M57;200063402;084;40;;;;Commune;DEF;7761;0.0;0.0;0.0;56477.35;0.0;0.0;0.0;56477.35;0.0;56477.35
2024;20006340200016;074;ANNECY;010;1;101;00;M57;200063402;084;40;;;;Commune;DEF;1322;0.0;8018707.0;0.0;198517.0;0.0;0.0;0.0;0.0;0.0;8217224.0
2024;20006340200016;074;ANNECY;010;1;101;00;M57;200063402;084;40;;;;Commune;DEF;1382;0.0;25512.32;0.0;0.0;0.0;0.0;0.0;0.0;0.0;25512.32
2024;20006340200016;074;ANNECY;010;1;101;00;M57;200063402;084;40;;;;Commune;DEF;281578;0.0;31.0;0.0;11129.79;0.0;0.0;0.0;11129.79;0.0;11160.79
2024;20006340200016;074;ANNECY;010;1;101;00;M57;200063402;084;40;;;;Commune;DEF;281828;0.0;16692267.3;0.0;1622788.18;796444.1;0.0;0.0;1622788.18;0.0;17518611.38
2024;20006340200016;074;ANNECY;010;1;101;00;M57;200063402;084;40;;;;Commune;DEF;44346;1027.22;0.0;0.0;0.0;306.75;950.62;0.0;0.0;383.35;0.0
2024;20006340200016;074;ANNECY;010;1;101;00;M57;200063402;084;40;;;;Commune;DEF;4643;0.0;604.0;0.0;0.0;10208.0;9604.0;0.0;0.0;0.0;0.0
2024;20006340200016;074;ANNECY;010;1;101;00;M57;200063402;084;40;;;;Commune;DEF;471412;0.0;20647.72;0.0;0.0;418755.97;419403.19;0.0;0.0;0.0;21294.94
2024;20006340200016;074;ANNECY;010;1;101;00;M57;200063402;084;40;;;;Commune;DEF;487;0.0;4145737.48;0.0;0.0;518217.19;0.0;0.0;0.0;0.0;3627520.29
2024;20006340200016;074;ANNECY;010;1;101;00;M57;200063402;084;40;;;;Commune;DEF;552;0.04;0.0;0.0;0.0;0.0;0.0;0.0;0.0;0.04;0.0
2024;20006340200016;074;ANNECY;010;1;101;00;M57;200063402;084;40;;;;Commune;DEF;60613;0.0;0.0;843634.74;0.0;0.0;0.0;0.0;0.0;843634.74;0.0
2024;20006340200016;074;ANNECY;010;1;101;00;M57;200063402;084;40;;;;Commune;DEF;61551;0.0;0.0;1268686.3;0.0;0.0;0.0;0.0;0.0;1268686.3;0.0
2024;20006340200016;074;ANNECY;010;1;101;00;M57;200063402;084;40;;;;Commune;DEF;64131;0.0;0.0;15892541.62;0.0;0.0;0.0;0.0;0.0;15892541.62;0.0
2024;20006340200016;074;ANNECY;010;1;101;00;M57;200063402;084;40;;;;Commune;DEF;66111;0.0;0.0;1666625.81;0.0;0.0;0.0;0.0;0.0;1666625.81;0.0
2024;20006340200016;074;ANNECY;010;1;101;00;M57;200063402;084;40;;;;Commune;DEF;704;0.0;0.0;0.0;24826.15;0.0;0.0;0.0;0.0;0.0;24826.15
2024;20006340200016;074;ANNECY;010;1;101;00;M57;200063402;084;40;;;;Commune;DEF;7066;0.0;0.0;0.0;2704614.68;0.0;0.0;0.0;0.0;0.0;2704614.68
2024;20006340200016;074;ANNECY;010;1;101;00;M57;200063402;084;40;;;;Commune;DEF;139151;1116856.97;0.0;126088.65;0.0;0.0;0.0;126088.65;0.0;1242945.62;0.0
2024;20006340200016;074;ANNECY;010;1;101;00;M57;200063402;084;40;;;;Commune;DEF;192;0.0;60840312.67;56477.35;3983412.08;0.0;0.0;56477.35;3983412.08;0.0;64767247.4
2024;20006340200016;074;ANNECY;010;1;101;00;M57;200063402;084;40;;;;Commune;DEF;2088;469393.83;0.0;0.0;52000.0;0.0;79306.0;0.0;52000.0;338087.83;0.0
2024;20006340200016;074;ANNECY;010;1;101;00;M57;200063402;084;40;;;;Commune;DEF;2118;27001447.91;0.0;0.0;390.0;0.0;0.0;0.0;390.0;27001057.91;0.0
2024;20006340200016;074;ANNECY;010;1;101;00;M57;200063402;084;40;;;;Commune;DEF;21321;12857116.32;0.0;43543.05;0.0;0.0;0.0;0.0;0.0;12900659.37;0.0
2024;20006340200016;074;ANNECY;010;1;101;00;M57;200063402;084;40;;;;Commune;DEF;2181;1355144.23;0.0;25469.37;0.0;0.0;0.0;0.0;0.0;1380613.6;0.0
2024;20006340200016;074;ANNECY;010;1;101;00;M57;200063402;084;40;;;;Commune;DEF;2324;937535.53;0.0;4021615.42;0.0;0.0;0.0;0.0;0.0;4959150.95;0.0
2024;20006340200016;074;ANNECY;010;1;101;00;M57;200063402;084;40;;;;Commune;DEF;28041512;0.0;1861363.3;0.0;232141.45;197401.45;0.0;0.0;232141.45;0.0;1896103.3
2024;20006340200016;074;ANNECY;010;1;101;00;M57;200063402;084;40;;;;Commune;DEF;28041582;0.0;5213193.25;0.0;818782.01;50231.01;0.0;0.0;818782.01;0.0;5981744.25
2024;20006340200016;074;ANNECY;010;1;101;00;M57;200063402;084;40;;;;Commune;DEF;281314;0.0;48586.0;0.0;5421.0;0.0;0.0;0.0;5421.0;0.0;54007.0
2024;20006340200016;074;ANNECY;010;1;101;00;M57;200063402;084;40;;;;Commune;DEF;44371;0.0;1288303.82;0.0;0.0;1988303.82;1836204.06;0.0;0.0;0.0;1136204.06
2024;20006340200016;074;ANNECY;010;1;101;00;M57;200063402;084;40;;;;Commune;DEF;466;0.0;43905.62;0.0;0.0;197084.05;174807.53;0.0;0.0;0.0;21629.1
2024;20006340200016;074;ANNECY;010;1;101;00;M57;200063402;084;40;;;;Commune;DEF;4751;0.0;0.0;0.0;0.0;4330965.18;4330965.18;0.0;0.0;0.0;0.0
2024;20006340200016;074;ANNECY;010;1;101;00;M57;200063402;084;40;;;;Commune;DEF;5116;0.0;0.0;0.0;0.0;453949.32;453949.32;0.0;0.0;0.0;0.0
2024;20006340200016;074;ANNECY;010;1;101;00;M57;200063402;084;40;;;;Commune;DEF;6451;0.0;0.0;14207150.82;0.0;0.0;0.0;0.0;0.0;14207150.82;0.0
2024;20006340200016;074;ANNECY;010;1;101;00;M57;200063402;084;40;;;;Commune;DEF;65821;0.0;0.0;402154.21;0.0;0.0;0.0;0.0;0.0;402154.21;0.0
2024;20006340200016;074;ANNECY;010;1;101;00;M57;200063402;084;40;;;;Commune;DEF;70384;0.0;0.0;0.0;1381889.67;0.0;0.0;0.0;0.0;0.0;1381889.67
2024;20006340200016;074;ANNECY;010;1;101;00;M57;200063402;084;40;;;;Commune;DEF;73118;0.0;0.0;0.0;338070.0;0.0;0.0;0.0;0.0;0.0;338070.0
2024;20006340200016;074;ANNECY;010;1;101;00;M57;200063402;084;40;;;;Commune;DEF;73141;0.0;0.0;0.0;3516425.78;0.0;0.0;0.0;0.0;0.0;3516425.78
2024;20006340200016;074;ANNECY;010;1;101;00;M57;200063402;084;40;;;;Commune;DEF;1345;0.0;36953466.93;0.0;1198688.0;0.0;0.0;0.0;0.0;0.0;38152154.93
2024;20006340200016;074;ANNECY;010;1;101;00;M57;200063402;084;40;;;;Commune;DEF;1383;0.0;227466.22;0.0;0.0;0.0;0.0;0.0;0.0;0.0;227466.22
2024;20006340200016;074;ANNECY;010;1;101;00;M57;200063402;084;40;;;;Commune;DEF;13918;20852.92;0.0;13102.87;0.0;0.0;1191.55;13102.87;0.0;32764.24;0.0
2024;20006340200016;074;ANNECY;010;1;101;00;M57;200063402;084;40;;;;Commune;DEF;2031;3850981.35;0.0;650849.07;1586538.33;0.0;56132.8;0.0;1586538.33;2859159.29;0.0
2024;20006340200016;074;ANNECY;010;1;101;00;M57;200063402;084;40;;;;Commune;DEF;2041482;5000.0;0.0;0.0;0.0;0.0;5000.0;0.0;0.0;0.0;0.0
2024;20006340200016;074;ANNECY;010;1;101;00;M57;200063402;084;40;;;;Commune;DEF;2802;0.0;1193294.46;0.0;38522.42;0.0;0.0;0.0;38522.42;0.0;1231816.88
2024;20006340200016;074;ANNECY;010;1;101;00;M57;200063402;084;40;;;;Commune;DEF;437;0.0;24964.86;0.0;0.0;23153440.05;23155943.51;0.0;0.0;0.0;27468.32
2024;20006340200016;074;ANNECY;010;1;101;00;M57;200063402;084;40;;;;Commune;DEF;451008;0.0;1158040.94;0.0;0.0;499766.53;617585.14;0.0;0.0;0.0;1275859.55
2024;20006340200016;074;ANNECY;010;1;101;00;M57;200063402;084;40;;;;Commune;DEF;615221;0.0;0.0;1526333.39;0.0;0.0;0.0;0.0;0.0;1526333.39;0.0
2024;20006340200016;074;ANNECY;010;1;101;00;M57;200063402;084;40;;;;Commune;DEF;6453;0.0;0.0;16462077.39;0.0;0.0;0.0;0.0;0.0;16462077.39;0.0
2024;20006340200016;074;ANNECY;010;1;101;00;M57;200063402;084;40;;;;Commune;DEF;66112;0.0;0.0;-78277.94;0.0;0.0;0.0;0.0;0.0;0.0;78277.94
2024;20006340200016;074;ANNECY;010;1;101;00;M57;200063402;084;40;;;;Commune;DEF;6761;0.0;0.0;3983412.08;0.0;0.0;0.0;3983412.08;0.0;3983412.08;0.0
2024;20006340200016;074;ANNECY;010;1;101;00;M57;200063402;084;40;;;;Commune;DEF;7482;0.0;0.0;0.0;18306.0;0.0;0.0;0.0;0.0;0.0;18306.0
2024;20006340200016;074;ANNECY;010;1;101;00;M57;200063402;084;40;;;;Commune;DEF;755;0.0;0.0;0.0;127271.41;0.0;0.0;0.0;0.0;0.0;127271.41
2024;20006340200016;074;ANNECY;010;1;101;00;M57;200063402;084;40;;;;Commune;DEF;10222;0.0;171442618.42;1646.86;5963364.38;0.0;0.0;0.0;0.0;0.0;177404335.94
2024;20006340200016;074;ANNECY;010;1;101;00;M57;200063402;084;40;;;;Commune;DEF;198;9776114.77;0.0;2746162.12;0.0;0.0;0.0;2746162.12;0.0;12522276.89;0.0
2024;20006340200016;074;ANNECY;010;1;101;00;M57;200063402;084;40;;;;Commune;DEF;21848;9252972.11;0.0;600402.76;0.0;0.0;0.0;0.0;0.0;9853374.87;0.0
2024;20006340200016;074;ANNECY;010;1;101;00;M57;200063402;084;40;;;;Commune;DEF;281841;0.0;330170.49;0.0;62040.39;0.0;0.0;0.0;62040.39;0.0;392210.88
2024;20006340200016;074;ANNECY;010;1;101;00;M57;200063402;084;40;;;;Commune;DEF;3226;4356.87;0.0;0.0;0.0;0.0;0.0;0.0;0.0;4356.87;0.0
2024;20006340200016;074;ANNECY;010;1;101;00;M57;200063402;084;40;;;;Commune;DEF;4011;0.0;2384150.62;0.0;0.0;58229288.67;57296655.91;0.0;0.0;0.0;1451517.86
2024;20006340200016;074;ANNECY;010;1;101;00;M57;200063402;084;40;;;;Commune;DEF;40173;0.0;77.57;0.0;0.0;77.57;0.0;0.0;0.0;0.0;0.0
2024;20006340200016;074;ANNECY;010;1;101;00;M57;200063402;084;40;;;;Commune;DEF;588;0.0;0.0;0.0;0.0;386473.26;386473.26;0.0;0.0;0.0;0.0
2024;20006340200016;074;ANNECY;010;1;101;00;M57;200063402;084;40;;;;Commune;DEF;611;0.0;0.0;474211.67;0.0;0.0;0.0;0.0;0.0;474211.67;0.0
2024;20006340200016;074;ANNECY;010;1;101;00;M57;200063402;084;40;;;;Commune;DEF;6245;0.0;0.0;442232.44;0.0;0.0;0.0;0.0;0.0;442232.44;0.0
2024;20006340200016;074;ANNECY;010;1;101;00;M57;200063402;084;40;;;;Commune;DEF;6478;0.0;0.0;646215.94;0.0;0.0;0.0;0.0;0.0;646215.94;0.0
2024;20006340200016;074;ANNECY;010;1;101;00;M57;200063402;084;40;;;;Commune;DEF;6561;0.0;0.0;88394.45;0.0;0.0;0.0;0.0;0.0;88394.45;0.0
2024;20006340200016;074;ANNECY;010;1;101;00;M57;200063402;084;40;;;;Commune;DEF;74111;0.0;0.0;0.0;10869147.0;0.0;0.0;0.0;0.0;0.0;10869147.0
2024;20006340200016;074;ANNECY;010;1;101;00;M57;200063402;084;40;;;;Commune;DEF;756;0.0;0.0;0.0;7575.18;0.0;0.0;0.0;0.0;0.0;7575.18
2024;20006340200016;074;ANNECY;010;1;101;00;M57;200063402;084;40;;;;Commune;DEF;2041412;31317.7;0.0;0.0;0.0;0.0;0.0;0.0;0.0;31317.7;0.0
2024;20006340200016;074;ANNECY;010;1;101;00;M57;200063402;084;40;;;;Commune;DEF;21531;177779.85;0.0;0.0;0.0;0.0;0.0;0.0;0.0;177779.85;0.0
2024;20006340200016;074;ANNECY;010;1;101;00;M57;200063402;084;40;;;;Commune;DEF;21578;15821.12;0.0;18987.36;0.0;0.0;0.0;0.0;0.0;34808.48;0.0
2024;20006340200016;074;ANNECY;010;1;101;00;M57;200063402;084;40;;;;Commune;DEF;21611;27224514.14;0.0;7824.0;0.0;0.0;0.0;6924.0;0.0;27232338.14;0.0
2024;20006340200016;074;ANNECY;010;1;101;00;M57;200063402;084;40;;;;Commune;DEF;28158;0.0;15852699.17;0.0;1698626.62;99879.05;0.0;0.0;1698626.62;0.0;17451446.74
2024;20006340200016;074;ANNECY;010;1;101;00;M57;200063402;084;40;;;;Commune;DEF;427;0.0;0.0;0.0;0.0;62772.31;62068.72;0.0;0.0;703.59;0.0
2024;20006340200016;074;ANNECY;010;1;101;00;M57;200063402;084;40;;;;Commune;DEF;5118;0.0;0.0;0.0;0.0;511707.15;510414.24;0.0;0.0;1292.91;0.0
2024;20006340200016;074;ANNECY;010;1;101;00;M57;200063402;084;40;;;;Commune;DEF;60612;0.0;0.0;8229918.06;0.0;0.0;0.0;0.0;0.0;8229918.06;0.0
2024;20006340200016;074;ANNECY;010;1;101;00;M57;200063402;084;40;;;;Commune;DEF;61351;0.0;0.0;224018.47;0.0;0.0;0.0;0.0;0.0;224018.47;0.0
2024;20006340200016;074;ANNECY;010;1;101;00;M57;200063402;084;40;;;;Commune;DEF;615228;0.0;0.0;90182.83;0.0;0.0;0.0;0.0;0.0;90182.83;0.0
2024;20006340200016;074;ANNECY;010;1;101;00;M57;200063402;084;40;;;;Commune;DEF;6525;0.0;0.0;11750.04;0.0;0.0;0.0;0.0;0.0;11750.04;0.0
2024;20006340200016;074;ANNECY;010;1;101;00;M57;200063402;084;40;;;;Commune;DEF;70323;0.0;0.0;0.0;583683.46;0.0;0.0;0.0;0.0;0.0;583683.46
2024;20006340200016;074;ANNECY;010;1;101;00;M57;200063402;084;40;;;;Commune;DEF;10228;0.0;36520740.3;0.0;0.0;0.0;0.0;0.0;0.0;0.0;36520740.3
2024;20006340200016;074;ANNECY;010;1;101;00;M57;200063402;084;40;;;;Commune;DEF;168751;0.0;5649112.0;1213548.0;0.0;0.0;0.0;0.0;0.0;0.0;4435564.0
2024;20006340200016;074;ANNECY;010;1;101;00;M57;200063402;084;40;;;;Commune;DEF;193;0.0;5557354.25;0.0;0.0;0.0;0.0;0.0;0.0;0.0;5557354.25
2024;20006340200016;074;ANNECY;010;1;101;00;M57;200063402;084;40;;;;Commune;DEF;21316;4380582.26;0.0;37139.07;0.0;0.0;0.0;0.0;0.0;4417721.33;0.0
2024;20006340200016;074;ANNECY;010;1;101;00;M57;200063402;084;40;;;;Commune;DEF;21534;7819145.68;0.0;274223.95;0.0;0.0;0.0;0.0;0.0;8093369.63;0.0
2024;20006340200016;074;ANNECY;010;1;101;00;M57;200063402;084;40;;;;Commune;DEF;44372;161853.78;0.0;0.0;0.0;1375818.01;164734.84;0.0;0.0;1372936.95;0.0
2024;20006340200016;074;ANNECY;010;1;101;00;M57;200063402;084;40;;;;Commune;DEF;47711;0.0;0.0;0.0;0.0;414980.36;414980.36;0.0;0.0;0.0;0.0
2024;20006340200016;074;ANNECY;010;1;101;00;M57;200063402;084;40;;;;Commune;DEF;4781;37.5;0.0;0.0;0.0;90014.0;90014.0;0.0;0.0;37.5;0.0
2024;20006340200016;074;ANNECY;010;1;101;00;M57;200063402;084;40;;;;Commune;DEF;60631;0.0;0.0;475775.64;0.0;0.0;0.0;0.0;0.0;475775.64;0.0
2024;20006340200016;074;ANNECY;010;1;101;00;M57;200063402;084;40;;;;Commune;DEF;6156;0.0;0.0;2674906.48;0.0;0.0;0.0;0.0;0.0;2674906.48;0.0
2024;20006340200016;074;ANNECY;010;1;101;00;M57;200063402;084;40;;;;Commune;DEF;6542;0.0;0.0;77316.22;0.0;0.0;0.0;0.0;0.0;77316.22;0.0
2024;20006340200016;074;ANNECY;010;1;101;00;M57;200063402;084;40;;;;Commune;DEF;661132;0.0;0.0;169473.0;0.0;0.0;0.0;0.0;0.0;169473.0;0.0
2024;20006340200016;074;ANNECY;010;1;101;00;M57;200063402;084;40;;;;Commune;DEF;7473;0.0;0.0;0.0;674906.99;0.0;0.0;0.0;0.0;0.0;674906.99
2024;20006340200016;074;ANNECY;010;1;101;00;M57;200063402;084;40;;;;Commune;DEF;12;0.0;20017460.66;0.0;0.0;20017460.66;0.0;0.0;0.0;0.0;0.0
2024;20006340200016;074;ANNECY;010;1;101;00;M57;200063402;084;40;;;;Commune;DEF;1328;0.0;46840881.24;0.0;398819.11;0.0;0.0;0.0;0.0;0.0;47239700.35
2024;20006340200016;074;ANNECY;010;1;101;00;M57;200063402;084;40;;;;Commune;DEF;21831;1816666.56;0.0;173583.64;0.0;0.0;0.0;0.0;0.0;1990250.2;0.0
2024;20006340200016;074;ANNECY;010;1;101;00;M57;200063402;084;40;;;;Commune;DEF;2185;590893.94;0.0;153428.86;0.0;0.0;0.0;71366.74;0.0;744322.8;0.0
2024;20006340200016;074;ANNECY;010;1;101;00;M57;200063402;084;40;;;;Commune;DEF;2316;2352235.19;0.0;10306069.25;0.0;0.0;0.0;345675.21;0.0;12658304.44;0.0
2024;20006340200016;074;ANNECY;010;1;101;00;M57;200063402;084;40;;;;Commune;DEF;2804412;0.0;303279.54;0.0;52515.0;0.0;0.0;0.0;52515.0;0.0;355794.54
2024;20006340200016;074;ANNECY;010;1;101;00;M57;200063402;084;40;;;;Commune;DEF;4041;0.0;2007915.28;0.0;0.0;56615554.23;54620458.33;0.0;0.0;0.0;12819.38
2024;20006340200016;074;ANNECY;010;1;101;00;M57;200063402;084;40;;;;Commune;DEF;44356;70131.05;0.0;0.0;0.0;105478.9;38921.0;0.0;0.0;136688.95;0.0
2024;20006340200016;074;ANNECY;010;1;101;00;M57;200063402;084;40;;;;Commune;DEF;4784;7.54;0.0;0.0;0.0;9.69;9.14;0.0;0.0;8.09;0.0
2024;20006340200016;074;ANNECY;010;1;101;00;M57;200063402;084;40;;;;Commune;DEF;51176;0.0;0.0;0.0;0.0;4150.24;4150.24;0.0;0.0;0.0;0.0
2024;20006340200016;074;ANNECY;010;1;101;00;M57;200063402;084;40;;;;Commune;DEF;61521;0.0;0.0;1274416.23;0.0;0.0;0.0;0.0;0.0;1274416.23;0.0
2024;20006340200016;074;ANNECY;010;1;101;00;M57;200063402;084;40;;;;Commune;DEF;65311;0.0;0.0;1019772.05;0.0;0.0;0.0;0.0;0.0;1019772.05;0.0
2024;20006340200016;074;ANNECY;010;1;101;00;M57;200063402;084;40;;;;Commune;DEF;65313;0.0;0.0;100085.24;0.0;0.0;0.0;0.0;0.0;100085.24;0.0
2024;20006340200016;074;ANNECY;010;1;101;00;M57;200063402;084;40;;;;Commune;DEF;65824;0.0;0.0;1836204.06;0.0;0.0;0.0;0.0;0.0;1836204.06;0.0
2024;20006340200016;074;ANNECY;010;1;101;00;M57;200063402;084;40;;;;Commune;DEF;70631;0.0;0.0;0.0;1591228.17;0.0;0.0;0.0;0.0;0.0;1591228.17
2024;20006340200016;074;ANNECY;010;1;101;00;M57;200063402;084;40;;;;Commune;DEF;74888;0.0;0.0;0.0;11383364.0;0.0;0.0;0.0;0.0;0.0;11383364.0
2024;20006340200016;074;ANNECY;010;1;101;00;M57;200063402;084;40;;;;Commune;DEF;7688;0.0;0.0;0.0;91408.92;0.0;0.0;0.0;0.0;0.0;91408.92
2024;20006340200016;074;ANNECY;010;1;101;00;M57;200063402;084;40;;;;Commune;DEF;13172;0.0;602410.72;0.0;0.0;0.0;0.0;0.0;0.0;0.0;602410.72
2024;20006340200016;074;ANNECY;010;1;101;00;M57;200063402;084;40;;;;Commune;DEF;1323;0.0;41517706.32;0.0;2179283.47;0.0;0.0;0.0;0.0;0.0;43696989.79
2024;20006340200016;074;ANNECY;010;1;101;00;M57;200063402;084;40;;;;Commune;DEF;2041582;12128822.84;0.0;195986.14;68876.19;0.0;50231.01;0.0;0.0;12205701.78;0.0
2024;20006340200016;074;ANNECY;010;1;101;00;M57;200063402;084;40;;;;Commune;DEF;2315;25434373.38;0.0;1543518.61;32540.94;0.0;315563.12;680956.72;0.0;26629787.93;0.0
2024;20006340200016;074;ANNECY;010;1;101;00;M57;200063402;084;40;;;;Commune;DEF;28041534;0.0;31536.0;0.0;2628.0;0.0;0.0;0.0;2628.0;0.0;34164.0
2024;20006340200016;074;ANNECY;010;1;101;00;M57;200063402;084;40;;;;Commune;DEF;281568;45316.25;0.0;0.0;0.0;0.0;45316.25;0.0;0.0;0.0;0.0
2024;20006340200016;074;ANNECY;010;1;101;00;M57;200063402;084;40;;;;Commune;DEF;447;0.0;278775.0;0.0;0.0;871090.37;595223.37;0.0;0.0;0.0;2908.0
2024;20006340200016;074;ANNECY;010;1;101;00;M57;200063402;084;40;;;;Commune;DEF;5411;33278.3;0.0;0.0;0.0;24920.03;35036.54;0.0;0.0;23161.79;0.0
2024;20006340200016;074;ANNECY;010;1;101;00;M57;200063402;084;40;;;;Commune;DEF;6231;0.0;0.0;290970.93;0.0;0.0;0.0;0.0;0.0;290970.93;0.0
2024;20006340200016;074;ANNECY;010;1;101;00;M57;200063402;084;40;;;;Commune;DEF;6247;0.0;0.0;1289.49;0.0;0.0;0.0;0.0;0.0;1289.49;0.0
2024;20006340200016;074;ANNECY;010;1;101;00;M57;200063402;084;40;;;;Commune;DEF;6248;0.0;0.0;420801.14;0.0;0.0;0.0;0.0;0.0;420801.14;0.0
2024;20006340200016;074;ANNECY;010;1;101;00;M57;200063402;084;40;;;;Commune;DEF;65131;0.0;0.0;11427.0;0.0;0.0;0.0;0.0;0.0;11427.0;0.0
2024;20006340200016;074;ANNECY;010;1;101;00;M57;200063402;084;40;;;;Commune;DEF;7083;0.0;0.0;0.0;27109.79;0.0;0.0;0.0;0.0;0.0;27109.79
2024;20006340200016;074;ANNECY;010;1;101;00;M57;200063402;084;40;;;;Commune;DEF;73132;0.0;0.0;0.0;86048.0;0.0;0.0;0.0;0.0;0.0;86048.0
2024;20006340200016;074;ANNECY;010;1;101;00;M57;200063402;084;40;;;;Commune;DEF;1311;0.0;1142253.9;0.0;189805.0;7500.0;0.0;0.0;0.0;0.0;1324558.9
2024;20006340200016;074;ANNECY;010;1;101;00;M57;200063402;084;40;;;;Commune;DEF;21533;1899896.74;0.0;37158.85;0.0;6996.0;0.0;0.0;0.0;1944051.59;0.0
2024;20006340200016;074;ANNECY;010;1;101;00;M57;200063402;084;40;;;;Commune;DEF;281531;0.0;177779.85;0.0;0.0;0.0;0.0;0.0;0.0;0.0;177779.85
2024;20006340200016;074;ANNECY;010;1;101;00;M57;200063402;084;40;;;;Commune;DEF;6132;0.0;0.0;896054.92;0.0;0.0;0.0;0.0;0.0;896054.92;0.0
2024;20006340200016;074;ANNECY;010;1;101;00;M57;200063402;084;40;;;;Commune;DEF;6232;0.0;0.0;689053.97;0.0;0.0;0.0;0.0;0.0;689053.97;0.0
2024;20006340200016;074;ANNECY;010;1;101;00;M57;200063402;084;40;;;;Commune;DEF;65861;0.0;0.0;88328.94;0.0;0.0;0.0;0.0;0.0;88328.94;0.0
2024;20006340200016;074;ANNECY;010;1;101;00;M57;200063402;084;40;;;;Commune;DEF;6811;0.0;0.0;11049856.02;0.0;0.0;0.0;11049856.02;0.0;11049856.02;0.0
2024;20006340200016;074;ANNECY;010;1;101;00;M57;200063402;084;40;;;;Commune;DEF;708421;0.0;0.0;0.0;746372.61;0.0;0.0;0.0;0.0;0.0;746372.61
2024;20006340200016;074;ANNECY;010;1;101;00;M57;200063402;084;40;;;;Commune;DEF;7392221;0.0;0.0;2808800.0;0.0;0.0;0.0;0.0;0.0;2808800.0;0.0
2024;20006340200016;074;ANNECY;010;1;101;00;M57;200063402;084;40;;;;Commune;DEF;747888;0.0;0.0;0.0;8561196.66;0.0;0.0;0.0;0.0;0.0;8561196.66
2024;20006340200016;074;ANNECY;010;1;101;00;M57;200063402;084;40;;;;Commune;DEF;1348;0.0;23684550.29;0.0;0.0;0.0;0.0;0.0;0.0;0.0;23684550.29
2024;20006340200016;074;ANNECY;010;1;101;00;M57;200063402;084;40;;;;Commune;DEF;1385;0.0;165972.62;0.0;0.0;0.0;0.0;0.0;0.0;0.0;165972.62
2024;20006340200016;074;ANNECY;010;1;101;00;M57;200063402;084;40;;;;Commune;DEF;204112;417957.95;0.0;0.0;0.0;0.0;0.0;0.0;0.0;417957.95;0.0
2024;20006340200016;074;ANNECY;010;1;101;00;M57;200063402;084;40;;;;Commune;DEF;2117;1812767.73;0.0;0.0;60.0;0.0;0.0;0.0;60.0;1812707.73;0.0
2024;20006340200016;074;ANNECY;010;1;101;00;M57;200063402;084;40;;;;Commune;DEF;2318;371429.2;0.0;169957.82;0.0;0.0;0.0;119242.88;0.0;541387.02;0.0
2024;20006340200016;074;ANNECY;010;1;101;00;M57;200063402;084;40;;;;Commune;DEF;2421;12472039.34;0.0;0.0;0.0;0.0;0.0;0.0;0.0;12472039.34;0.0
2024;20006340200016;074;ANNECY;010;1;101;00;M57;200063402;084;40;;;;Commune;DEF;266;658913.61;0.0;0.0;0.0;0.0;0.0;0.0;0.0;658913.61;0.0
2024;20006340200016;074;ANNECY;010;1;101;00;M57;200063402;084;40;;;;Commune;DEF;28041481;0.0;23936.02;0.0;2992.0;0.0;0.0;0.0;2992.0;0.0;26928.02
2024;20006340200016;074;ANNECY;010;1;101;00;M57;200063402;084;40;;;;Commune;DEF;28188;0.0;21537489.18;0.0;836013.98;150046.56;0.0;0.0;836013.98;0.0;22223456.6
2024;20006340200016;074;ANNECY;010;1;101;00;M57;200063402;084;40;;;;Commune;DEF;415;4869.53;0.0;0.0;0.0;200493.15;187143.86;0.0;0.0;18218.82;0.0
2024;20006340200016;074;ANNECY;010;1;101;00;M57;200063402;084;40;;;;Commune;DEF;44342;6204580.66;0.0;0.0;0.0;48387139.09;53166513.73;0.0;0.0;1425206.02;0.0
2024;20006340200016;074;ANNECY;010;1;101;00;M57;200063402;084;40;;;;Commune;DEF;6067;0.0;0.0;413185.22;0.0;0.0;0.0;0.0;0.0;413185.22;0.0
2024;20006340200016;074;ANNECY;010;1;101;00;M57;200063402;084;40;;;;Commune;DEF;6185;0.0;0.0;751.08;0.0;0.0;0.0;0.0;0.0;751.08;0.0
2024;20006340200016;074;ANNECY;010;1;101;00;M57;200063402;084;40;;;;Commune;DEF;6228;0.0;0.0;1355768.0;0.0;0.0;0.0;0.0;0.0;1355768.0;0.0
2024;20006340200016;074;ANNECY;010;1;101;00;M57;200063402;084;40;;;;Commune;DEF;63512;0.0;0.0;816683.03;0.0;0.0;0.0;0.0;0.0;816683.03;0.0
2024;20006340200016;074;ANNECY;010;1;101;00;M57;200063402;084;40;;;;Commune;DEF;64112;0.0;0.0;1837329.29;0.0;0.0;0.0;0.0;0.0;1837329.29;0.0
2024;20006340200016;074;ANNECY;010;1;101;00;M57;200063402;084;40;;;;Commune;DEF;64168;0.0;0.0;433206.51;0.0;0.0;0.0;0.0;0.0;433206.51;0.0
2024;20006340200016;074;ANNECY;010;1;101;00;M57;200063402;084;40;;;;Commune;DEF;65315;0.0;0.0;17365.0;0.0;0.0;0.0;0.0;0.0;17365.0;0.0
2024;20006340200016;074;ANNECY;010;1;101;00;M57;200063402;084;40;;;;Commune;DEF;6618;0.0;0.0;106021.72;0.0;0.0;0.0;0.0;0.0;106021.72;0.0
2024;20006340200016;074;ANNECY;010;1;101;00;M57;200063402;084;40;;;;Commune;DEF;70322;0.0;0.0;0.0;10666.68;0.0;0.0;0.0;0.0;0.0;10666.68
2024;20006340200016;074;ANNECY;010;1;101;00;M57;200063402;084;40;;;;Commune;DEF;7067;0.0;0.0;0.0;5110540.83;0.0;0.0;0.0;0.0;0.0;5110540.83
2024;20006340200016;074;ANNECY;010;1;101;00;M57;200063402;084;40;;;;Commune;DEF;1312;0.0;686076.83;0.0;0.0;0.0;0.0;0.0;0.0;0.0;686076.83
2024;20006340200016;074;ANNECY;010;1;101;00;M57;200063402;084;40;;;;Commune;DEF;13141;0.0;36798.54;0.0;0.0;0.0;0.0;0.0;0.0;0.0;36798.54
2024;20006340200016;074;ANNECY;010;1;101;00;M57;200063402;084;40;;;;Commune;DEF;204412;731481.42;0.0;3220000.0;0.0;0.0;0.0;3220000.0;0.0;3951481.42;0.0
2024;20006340200016;074;ANNECY;010;1;101;00;M57;200063402;084;40;;;;Commune;DEF;2312;883287.36;0.0;2090856.2;0.0;0.0;186833.25;86004.48;0.0;2787310.31;0.0
2024;20006340200016;074;ANNECY;010;1;101;00;M57;200063402;084;40;;;;Commune;DEF;28041482;0.0;4662.0;0.0;338.0;5000.0;0.0;0.0;338.0;0.0;0.0
2024;20006340200016;074;ANNECY;010;1;101;00;M57;200063402;084;40;;;;Commune;DEF;408;0.0;5835784.88;0.0;0.0;5835784.88;6497375.64;0.0;0.0;0.0;6497375.64
2024;20006340200016;074;ANNECY;010;1;101;00;M57;200063402;084;40;;;;Commune;DEF;4581;4663731.64;0.0;258359.63;0.0;43167.9;43167.9;0.0;0.0;4922091.27;0.0
2024;20006340200016;074;ANNECY;010;1;101;00;M57;200063402;084;40;;;;Commune;DEF;586;0.0;0.0;0.0;0.0;3593581.31;3593581.31;0.0;0.0;0.0;0.0
2024;20006340200016;074;ANNECY;010;1;101;00;M57;200063402;084;40;;;;Commune;DEF;614;0.0;0.0;699920.54;0.0;0.0;0.0;0.0;0.0;699920.54;0.0
2024;20006340200016;074;ANNECY;010;1;101;00;M57;200063402;084;40;;;;Commune;DEF;61558;0.0;0.0;225160.33;0.0;0.0;0.0;0.0;0.0;225160.33;0.0
2024;20006340200016;074;ANNECY;010;1;101;00;M57;200063402;084;40;;;;Commune;DEF;6182;0.0;0.0;88975.16;0.0;0.0;0.0;0.0;0.0;88975.16;0.0
2024;20006340200016;074;ANNECY;010;1;101;00;M57;200063402;084;40;;;;Commune;DEF;62261;0.0;0.0;62734.0;0.0;0.0;0.0;0.0;0.0;62734.0;0.0
2024;20006340200016;074;ANNECY;010;1;101;00;M57;200063402;084;40;;;;Commune;DEF;6283;0.0;0.0;1764928.35;0.0;0.0;0.0;0.0;0.0;1764928.35;0.0
2024;20006340200016;074;ANNECY;010;1;101;00;M57;200063402;084;40;;;;Commune;DEF;64111;0.0;0.0;47543004.68;0.0;0.0;0.0;0.0;0.0;47543004.68;0.0
2024;20006340200016;074;ANNECY;010;1;101;00;M57;200063402;084;40;;;;Commune;DEF;675;0.0;0.0;567375.27;0.0;0.0;0.0;567375.27;0.0;567375.27;0.0
2024;20006340200016;074;ANNECY;010;1;101;00;M57;200063402;084;40;;;;Commune;DEF;7391118;0.0;0.0;6580.0;0.0;0.0;0.0;0.0;0.0;6580.0;0.0
2024;20006340200016;074;ANNECY;010;1;101;00;M57;200063402;084;40;;;;Commune;DEF;75888;0.0;0.0;0.0;3236101.29;0.0;0.0;0.0;0.0;0.0;3236101.29
2024;20006340200016;074;ANNECY;010;1;101;00;M57;200063402;084;40;;;;Commune;DEF;77681;0.0;0.0;0.0;2746162.12;0.0;0.0;0.0;2746162.12;0.0;2746162.12
2024;20006340200016;074;ANNECY;010;1;101;00;M57;200063402;084;40;;;;Commune;DEF;10226;0.0;28869405.36;60144.67;2398259.55;0.0;0.0;0.0;0.0;0.0;31207520.24
2024;20006340200016;074;ANNECY;010;1;101;00;M57;200063402;084;40;;;;Commune;DEF;10251;0.0;3316082.63;0.0;121040.0;0.0;0.0;0.0;121040.0;0.0;3437122.63
2024;20006340200016;074;ANNECY;010;1;101;00;M57;200063402;084;40;;;;Commune;DEF;139172;4601.0;0.0;150602.0;0.0;0.0;0.0;150602.0;0.0;155203.0;0.0
2024;20006340200016;074;ANNECY;010;1;101;00;M57;200063402;084;40;;;;Commune;DEF;2051;11713616.76;0.0;837743.03;2100.0;0.0;0.0;0.0;0.0;12549259.79;0.0
2024;20006340200016;074;ANNECY;010;1;101;00;M57;200063402;084;40;;;;Commune;DEF;2115;52222594.4;0.0;2189185.45;0.0;0.0;0.0;0.0;0.0;54411779.85;0.0
2024;20006340200016;074;ANNECY;010;1;101;00;M57;200063402;084;40;;;;Commune;DEF;2423;66420447.6;0.0;0.0;0.0;0.0;0.0;0.0;0.0;66420447.6;0.0
2024;20006340200016;074;ANNECY;010;1;101;00;M57;200063402;084;40;;;;Commune;DEF;4161;1108254.6;0.0;0.0;0.0;895254.07;927035.83;0.0;0.0;1076472.84;0.0
2024;20006340200016;074;ANNECY;010;1;101;00;M57;200063402;084;40;;;;Commune;DEF;44332;858.0;0.0;0.0;0.0;101546.25;98482.75;0.0;0.0;3921.5;0.0
2024;20006340200016;074;ANNECY;010;1;101;00;M57;200063402;084;40;;;;Commune;DEF;4626;500.0;0.0;0.0;0.0;0.0;0.0;0.0;0.0;500.0;0.0
2024;20006340200016;074;ANNECY;010;1;101;00;M57;200063402;084;40;;;;Commune;DEF;6227;0.0;0.0;154692.9;0.0;0.0;0.0;0.0;0.0;154692.9;0.0
2024;20006340200016;074;ANNECY;010;1;101;00;M57;200063402;084;40;;;;Commune;DEF;6236;0.0;0.0;402692.88;0.0;0.0;0.0;0.0;0.0;402692.88;0.0
2024;20006340200016;074;ANNECY;010;1;101;00;M57;200063402;084;40;;;;Commune;DEF;6255;0.0;0.0;20865.13;0.0;0.0;0.0;0.0;0.0;20865.13;0.0
2024;20006340200016;074;ANNECY;010;1;101;00;M57;200063402;084;40;;;;Commune;DEF;6262;0.0;0.0;241471.88;0.0;0.0;0.0;0.0;0.0;241471.88;0.0
2024;20006340200016;074;ANNECY;010;1;101;00;M57;200063402;084;40;;;;Commune;DEF;64116;0.0;0.0;31000.0;0.0;0.0;0.0;0.0;0.0;31000.0;0.0
2024;20006340200016;074;ANNECY;010;1;101;00;M57;200063402;084;40;;;;Commune;DEF;6488;0.0;0.0;73561.84;0.0;0.0;0.0;0.0;0.0;73561.84;0.0
2024;20006340200016;074;ANNECY;010;1;101;00;M57;200063402;084;40;;;;Commune;DEF;70311;0.0;0.0;0.0;281257.0;0.0;0.0;0.0;0.0;0.0;281257.0
